Time,Ir1,Ir2,Red1,Red2,RsO2,Hb,HbO2
16.604147,341,1086,1634,4795,86,0,0
16.684147,337,1060,1593,4801,83,0,0
16.704147,339,1075,1571,4733,84,0,0
16.724148,324,1014,1533,4596,84,0,0
16.744148,341,1059,1564,4716,83,0,0
16.764149,342,1056,1585,4867,81,0,0
16.784147,335,1050,1588,4722,84,0,0
16.804148,315,1002,1517,4546,85,0,0
16.824148,337,1065,1542,4734,82,0,0
16.844149,338,1055,1554,4644,84,0,0
16.864147,331,1050,1544,4608,85,0,0
16.884148,317,1016,1512,4494,86,0,0
16.904148,336,1029,1510,4529,82,0,0
16.924149,341,1061,1538,4702,82,0,0
17.004148,355,1068,1574,4805,79,0,0
17.024147,341,1061,1534,4559,84,0,0
17.044147,327,1020,1527,4586,83,0,0
17.064148,322,995,1503,4509,83,0,0
17.084148,350,1088,1578,4789,82,0,0
17.104147,353,1076,1578,4565,85,0,0
17.124147,345,1066,1564,4662,83,0,0
17.144148,332,1025,1527,4701,80,0,0
17.164148,335,1009,1497,4426,82,0,0
17.184147,354,1093,1581,4678,84,0,0
17.204147,353,1099,1574,4646,84,0,0
17.224148,336,1048,1537,4620,83,0,0
17.244148,324,1007,1513,4480,84,0,0
17.324148,314,973,1466,4271,85,0,0
17.344149,309,988,1435,4300,85,0,0
17.364147,338,1038,1522,4433,85,0,0
17.384148,332,1027,1514,4469,84,0,0
17.404148,315,980,1474,4363,84,0,0
17.424149,302,904,1445,4281,81,0,0
17.444147,321,983,1467,4425,82,0,0
17.464148,326,1001,1505,4521,82,0,0
17.484148,322,1002,1525,4457,85,0,0
17.504148,305,954,1455,4307,85,0,0
17.524147,291,925,1425,4218,86,0,0
17.544147,316,1001,1470,4387,85,0,0
17.564148,312,983,1478,4364,85,0,0
17.584148,308,985,1470,4417,85,0,0
17.644148,316,986,1491,4400,85,0,0
17.664148,313,982,1485,4385,85,0,0
17.684147,298,944,1451,4355,84,0,0
17.704147,284,903,1424,4336,83,0,0
17.724148,314,972,1485,4390,84,0,0
17.744148,315,985,1490,4408,85,0,0
17.764149,308,955,1481,4440,83,0,0
17.784147,292,910,1440,4324,83,0,0
17.804148,290,905,1410,4240,83,0,0
17.824148,314,979,1495,4412,85,0,0
17.844149,324,970,1487,4489,80,0,0
17.864147,303,932,1456,4311,83,0,0
17.884148,292,938,1427,4244,86,0,0
17.904148,317,985,1502,4333,86,0,0
17.964148,287,897,1434,4298,84,0,0
17.984148,328,1019,1518,4480,84,0,0
18.004148,331,969,1523,4487,80,0,0
18.024147,312,990,1496,4495,84,0,0
18.044147,300,922,1470,4405,82,0,0
18.064148,323,1010,1511,4460,85,0,0
18.084148,326,1052,1527,4498,87,0,0
18.104147,320,1001,1527,4576,84,0,0
18.124147,316,961,1499,4563,80,0,0
18.144148,319,998,1492,4399,85,0,0
18.164148,324,1010,1525,4501,85,0,0
18.184147,320,1038,1519,4554,86,0,0
18.204147,311,953,1454,4455,80,0,0
18.224148,298,960,1450,4292,86,0,0
18.284147,315,986,1502,4507,84,0,0
18.304148,303,983,1473,4442,85,0,0
18.324148,328,1042,1521,4477,86,0,0
18.344149,329,1024,1528,4580,83,0,0
18.364147,321,978,1515,4452,83,0,0
18.384148,308,989,1480,4361,87,0,0
18.404148,307,950,1451,4213,85,0,0
18.424149,325,1015,1526,4483,85,0,0
18.444147,322,1005,1515,4453,85,0,0
18.464148,306,959,1477,4353,85,0,0
18.484148,294,919,1452,4272,85,0,0
18.504148,329,1024,1529,4664,82,0,0
18.524147,328,1025,1524,4481,85,0,0
18.544147,305,985,1502,4537,85,0,0
18.604147,326,1015,1523,4463,85,0,0
18.624147,322,1013,1513,4437,86,0,0
18.644148,306,953,1474,4327,85,0,0
18.664148,293,944,1445,4313,86,0,0
18.684147,321,1020,1538,4423,88,0,0
18.704147,319,997,1503,4397,85,0,0
18.724148,306,958,1477,4354,85,0,0
18.744148,304,917,1445,4337,81,0,0
18.764149,320,1043,1496,4366,88,0,0
18.784147,320,999,1506,4417,85,0,0
18.804148,313,979,1494,4371,86,0,0
18.824148,299,941,1459,4374,84,0,0
18.844149,296,928,1432,4110,87,0,0
18.864147,331,1010,1516,4524,82,0,0
18.924149,292,904,1444,4337,83,0,0
18.944147,321,1041,1504,4388,88,0,0
18.964148,319,993,1504,4368,86,0,0
18.984148,308,980,1486,4462,85,0,0
19.004148,295,894,1453,4365,81,0,0
19.024147,325,990,1517,4447,84,0,0
19.044147,323,1007,1513,4418,85,0,0
19.064148,312,973,1494,4407,85,0,0
19.084148,299,957,1473,4384,86,0,0
19.104147,327,1012,1511,4439,84,0,0
19.124147,325,1031,1520,4441,86,0,0
19.144148,315,983,1501,4393,85,0,0
19.164148,300,933,1441,4256,84,0,0
19.184147,312,975,1523,4401,86,0,0
19.244148,298,931,1452,4259,85,0,0
19.264149,321,986,1489,4472,82,0,0
19.284147,317,998,1526,4383,87,0,0
19.304148,308,961,1477,4317,85,0,0
19.324148,294,915,1433,4211,85,0,0
19.344149,322,998,1487,4342,85,0,0
19.364147,321,1005,1476,4381,84,0,0
19.384148,313,999,1481,4329,87,0,0
19.404148,298,927,1430,4228,84,0,0
19.424149,315,1001,1459,4262,87,0,0
19.444147,320,1000,1499,4284,87,0,0
19.464148,315,983,1484,4451,83,0,0
19.484148,299,935,1466,4221,87,0,0
19.504148,278,908,1411,4135,88,0,0
19.584148,285,886,1407,4217,83,0,0
19.604147,319,993,1486,4379,85,0,0
19.624147,316,983,1483,4315,86,0,0
19.644148,299,920,1446,4260,84,0,0
19.664148,294,892,1415,4099,84,0,0
19.684147,317,989,1486,4331,86,0,0
19.704147,316,982,1477,4261,86,0,0
19.724148,304,957,1459,4345,84,0,0
19.744148,290,917,1425,4168,86,0,0
19.764149,292,933,1401,4105,87,0,0
19.784147,312,971,1476,4381,84,0,0
19.804148,308,973,1471,4290,86,0,0
19.824148,293,914,1432,4191,85,0,0
19.904148,291,908,1429,4192,85,0,0
19.924149,280,885,1401,4109,86,0,0
19.944147,316,1001,1487,4350,86,0,0
19.964148,313,977,1483,4422,84,0,0
19.984148,297,946,1448,4257,86,0,0
20.004148,286,911,1415,4168,86,0,0
20.024147,307,956,1447,4256,85,0,0
20.044147,310,966,1465,4324,85,0,0
20.064148,305,952,1464,4295,85,0,0
20.084148,292,909,1431,4180,85,0,0
20.104147,305,979,1443,4261,86,0,0
20.124147,305,942,1467,4243,86,0,0
20.144148,301,944,1460,4279,86,0,0
20.224148,306,953,1468,4302,85,0,0
20.244148,292,909,1431,4221,85,0,0
20.264149,315,976,1475,4269,86,0,0
20.284147,312,1000,1481,4341,87,0,0
20.304148,308,969,1472,4459,83,0,0
20.324148,294,917,1437,4313,83,0,0
20.344149,316,976,1475,4315,85,0,0
20.364147,318,987,1489,4405,84,0,0
20.384148,319,973,1484,4453,82,0,0
20.404148,300,946,1453,4363,84,0,0
20.424149,329,1008,1504,4388,84,0,0
20.444147,323,1027,1496,4337,87,0,0
20.464148,310,977,1478,4267,87,0,0
20.544147,320,999,1549,4384,88,0,0
20.564148,309,962,1476,4333,85,0,0
20.584148,330,1073,1503,4499,86,0,0
20.604147,333,1044,1527,4472,86,0,0
20.644148,313,992,1484,4452,84,0,0
20.664148,302,943,1454,4255,85,0,0
20.684147,332,999,1519,4525,81,0,0
20.704147,325,1003,1507,4399,85,0,0
20.724148,312,971,1479,4327,85,0,0
20.744148,300,926,1460,4276,85,0,0
20.764149,326,1016,1507,4441,85,0,0
20.784147,324,1011,1508,4373,86,0,0
20.804148,312,997,1483,4327,87,0,0
20.864147,322,1004,1504,4390,85,0,0
20.884148,317,990,1492,4272,87,0,0
20.904148,301,917,1454,4252,84,0,0
20.924149,303,940,1434,4179,85,0,0
20.944147,320,993,1501,4443,84,0,0
20.964148,315,1003,1475,4453,84,0,0
20.984148,298,926,1468,4344,84,0,0
21.004148,314,978,1463,4239,86,0,0
21.024147,319,975,1496,4487,82,0,0
21.044147,308,958,1473,4301,85,0,0
21.064148,291,919,1431,4193,86,0,0
21.084148,315,978,1519,4349,87,0,0
21.104147,317,985,1493,4362,85,0,0
21.124147,318,970,1483,4406,83,0,0
21.184147,316,982,1533,4403,87,0,0
21.204147,311,965,1482,4351,85,0,0
21.224148,296,915,1447,4161,86,0,0
21.244148,320,993,1494,4458,83,0,0
21.264149,314,985,1482,4449,84,0,0
21.284147,304,937,1469,4291,85,0,0
21.304148,289,899,1432,4182,85,0,0
21.324148,330,978,1501,4419,81,0,0
21.344149,319,960,1494,4455,81,0,0
21.364147,307,971,1474,4314,86,0,0
21.384148,294,910,1450,4214,85,0,0
21.404148,323,1019,1503,4389,86,0,0
21.424149,319,970,1493,4324,85,0,0
21.444147,308,965,1489,4290,87,0,0
21.504148,317,978,1443,4340,82,0,0
21.524147,310,961,1478,4318,85,0,0
21.544147,294,917,1440,4213,85,0,0
21.564148,317,978,1469,4363,83,0,0
21.584148,317,986,1493,4401,85,0,0
21.604147,312,969,1482,4406,84,0,0
21.624147,297,922,1443,4274,84,0,0
21.644148,304,959,1430,4171,86,0,0
21.664148,322,1000,1506,4396,85,0,0
21.684147,321,980,1492,4355,84,0,0
21.704147,300,934,1453,4251,85,0,0
21.724148,291,904,1417,4157,85,0,0
21.744148,321,999,1500,4376,85,0,0
21.764149,317,986,1491,4247,87,0,0
21.824148,324,1021,1505,4379,86,0,0
21.844149,319,1002,1525,4351,88,0,0
21.864147,302,943,1455,4194,87,0,0
21.884148,289,902,1414,4204,84,0,0
21.904148,323,1030,1493,4462,85,0,0
21.924149,319,1005,1483,4315,86,0,0
21.944147,305,952,1449,4230,86,0,0
21.964148,292,912,1419,4139,86,0,0
21.984148,320,1015,1479,4304,87,0,0
22.004148,315,994,1466,4358,85,0,0
22.024147,305,963,1444,4214,86,0,0
22.044147,283,908,1412,4117,87,0,0
22.064148,322,1002,1481,4355,85,0,0
22.084148,318,989,1465,4264,86,0,0
22.144148,324,1050,1479,4286,88,0,0
22.164148,322,978,1442,4269,83,0,0
22.184147,307,960,1444,4199,86,0,0
22.204147,294,935,1408,4187,85,0,0
22.224148,323,1030,1472,4274,87,0,0
22.244148,321,1001,1464,4326,85,0,0
22.264149,310,969,1447,4219,86,0,0
22.284147,296,932,1412,4110,86,0,0
22.304148,320,1000,1480,4259,87,0,0
22.324148,315,980,1448,4197,86,0,0
22.344149,305,951,1436,4160,86,0,0
22.364147,290,907,1394,4053,86,0,0
22.464148,305,952,1399,4081,86,0,0
22.484148,318,988,1463,4236,86,0,0
22.504148,316,971,1447,4206,85,0,0
22.524147,295,921,1405,4087,86,0,0
22.544147,275,879,1373,3908,89,0,0
22.564148,314,990,1449,4209,87,0,0
22.584148,309,985,1442,4175,87,0,0
22.604147,300,923,1406,4012,86,0,0
22.624147,293,884,1371,3990,84,0,0
22.644148,314,976,1452,4204,86,0,0
22.664148,307,965,1437,4175,86,0,0
22.684147,299,909,1402,4069,84,0,0
22.704147,279,856,1369,3987,85,0,0
22.724148,315,982,1454,4229,86,0,0
22.784147,282,905,1382,4014,88,0,0
22.804148,315,980,1458,4229,86,0,0
22.824148,312,957,1488,4298,85,0,0
22.844149,298,929,1422,4138,86,0,0
22.864147,284,885,1389,4042,86,0,0
22.884148,301,971,1455,4221,88,0,0
22.904148,308,957,1458,4185,87,0,0
22.924149,291,924,1419,4079,88,0,0
22.944147,287,888,1386,4041,85,0,0
22.964148,316,983,1481,4390,84,0,0
22.984148,313,972,1455,4363,83,0,0
23.004148,301,931,1426,4154,85,0,0
23.024147,291,892,1395,4065,85,0,0
23.044147,320,1006,1502,4268,88,0,0
23.104147,292,914,1410,4194,84,0,0
23.124147,321,1017,1471,4437,84,0,0
23.144148,319,1019,1469,4263,87,0,0
23.164148,309,963,1451,4214,86,0,0
23.184147,295,935,1418,4127,87,0,0
23.204147,290,898,1387,4041,85,0,0
23.224148,316,958,1468,4339,83,0,0
23.244148,316,973,1460,4236,85,0,0
23.264149,297,927,1421,4142,86,0,0
23.284147,296,898,1393,4061,84,0,0
23.304148,320,1012,1473,4283,87,0,0
23.324148,316,983,1469,4259,86,0,0
23.344149,300,935,1434,4272,84,0,0
23.364147,288,898,1405,4182,84,0,0
23.424149,312,970,1471,4317,85,0,0
23.444147,298,944,1440,4192,87,0,0
23.464148,333,1052,1533,4514,86,0,0
23.484148,329,1042,1506,4376,87,0,0
23.504148,317,983,1490,4379,85,0,0
23.524147,303,941,1455,4293,84,0,0
23.544147,331,1039,1516,4415,86,0,0
23.564148,326,1010,1507,4467,84,0,0
23.584148,312,968,1481,4301,86,0,0
23.604147,299,944,1448,4216,86,0,0
23.624147,333,1028,1526,4423,85,0,0
23.644148,331,1023,1524,4402,86,0,0
23.664148,319,987,1536,4413,86,0,0
23.684147,304,935,1433,4387,81,0,0
23.744148,323,1001,1507,4430,85,0,0
23.764149,309,956,1469,4264,85,0,0
23.784147,319,996,1469,4260,86,0,0
23.804148,323,1015,1505,4382,86,0,0
23.824148,318,1007,1493,4337,87,0,0
23.844149,302,924,1441,4402,80,0,0
23.864147,310,979,1442,4313,84,0,0
23.884148,330,1020,1514,4412,85,0,0
23.904148,324,1000,1505,4468,83,0,0
23.924149,307,952,1459,4253,85,0,0
23.944147,295,938,1428,4153,87,0,0
23.964148,329,1013,1506,4422,84,0,0
23.984148,335,1005,1495,4355,83,0,0
24.064148,319,1013,1480,4446,84,0,0
24.084148,304,947,1448,4226,85,0,0
24.104147,291,903,1409,4157,84,0,0
24.124147,326,1014,1491,4476,83,0,0
24.144148,323,1002,1468,4324,84,0,0
24.164148,308,961,1495,4223,88,0,0
24.184147,293,892,1414,4226,82,0,0
24.204147,328,1019,1491,4286,86,0,0
24.224148,323,1002,1482,4268,86,0,0
24.244148,306,955,1496,4212,88,0,0
24.264149,292,908,1409,4149,85,0,0
24.284147,324,1003,1483,4219,87,0,0
24.304148,320,1008,1470,4189,88,0,0
24.384148,323,1002,1465,4153,87,0,0
24.404148,302,940,1430,4291,83,0,0
24.424149,293,930,1395,4116,86,0,0
24.444147,328,1018,1483,4301,86,0,0
24.464148,322,1034,1473,4308,87,0,0
24.484148,306,948,1438,4083,87,0,0
24.504148,297,922,1400,4087,85,0,0
24.524147,317,1016,1482,4265,88,0,0
24.544147,322,1019,1471,4244,87,0,0
24.564148,306,952,1415,4157,85,0,0
24.584148,309,959,1414,4104,86,0,0
24.604147,323,993,1476,4278,85,0,0
24.624147,317,989,1455,4266,85,0,0
24.704147,321,1007,1468,4167,88,0,0
24.724148,305,930,1428,4147,84,0,0
24.744148,309,961,1407,4084,86,0,0
24.764149,328,1014,1449,4291,84,0,0
24.784147,322,1002,1475,4252,86,0,0
24.804148,311,953,1430,4153,85,0,0
24.824148,317,988,1432,4154,86,0,0
24.844149,318,988,1457,4274,85,0,0
24.864147,313,1012,1443,4182,88,0,0
24.884148,295,921,1402,4069,86,0,0
24.904148,325,1043,1459,4231,88,0,0
24.924149,326,1004,1456,4257,85,0,0
24.944147,312,970,1438,4112,87,0,0
24.964148,299,931,1398,4059,86,0,0
25.024147,305,956,1420,4167,85,0,0
25.044147,327,993,1500,4275,86,0,0
25.064148,324,1036,1481,4193,89,0,0
25.084148,315,982,1439,4165,86,0,0
25.104147,306,953,1410,4090,86,0,0
25.124147,323,1018,1464,4126,89,0,0
25.144148,324,1024,1455,4195,87,0,0
25.164148,308,958,1443,4101,87,0,0
25.184147,341,1040,1472,4370,83,0,0
25.204147,331,1031,1467,4256,86,0,0
25.224148,318,989,1438,4157,86,0,0
25.244148,343,1066,1480,4271,86,0,0
25.264149,341,1067,1482,4261,87,0,0
25.284147,331,1055,1461,4219,88,0,0
25.344149,347,1086,1480,4174,88,0,0
25.364147,331,1038,1445,4173,87,0,0
25.384148,340,1050,1435,4223,84,0,0
25.404148,349,1114,1472,4322,86,0,0
25.424149,342,1078,1453,4243,86,0,0
25.444147,317,1033,1412,4082,89,0,0
25.464148,317,991,1376,3985,86,0,0
25.484148,352,1106,1521,4294,89,0,0
25.504148,345,1082,1445,4150,87,0,0
25.524147,326,1026,1401,4045,87,0,0
25.544147,311,978,1366,3975,86,0,0
25.564148,335,1069,1403,4063,87,0,0
25.584148,339,1048,1405,4041,86,0,0
25.604147,325,1022,1391,3921,89,0,0
25.664148,328,1036,1392,4077,86,0,0
25.684147,321,1010,1376,3950,87,0,0
25.704147,304,961,1336,3768,89,0,0
25.724148,319,1003,1340,3869,87,0,0
25.744148,328,1018,1390,3996,86,0,0
25.764149,321,1010,1374,4071,85,0,0
25.784147,303,965,1334,3832,88,0,0
25.804148,300,942,1304,3800,86,0,0
25.824148,332,1005,1377,3948,85,0,0
25.844149,322,995,1365,3923,86,0,0
25.864147,299,941,1326,3661,90,0,0
25.884148,322,985,1354,3936,85,0,0
25.904148,318,995,1363,3906,87,0,0
25.924149,310,971,1351,4008,84,0,0
25.984148,321,1004,1370,3954,87,0,0
26.004148,313,979,1356,3926,86,0,0
26.024147,296,925,1318,3782,87,0,0
26.044147,324,1012,1372,3933,87,0,0
26.064148,320,1002,1364,3914,87,0,0
26.084148,317,972,1375,3866,87,0,0
26.104147,296,925,1317,3817,86,0,0
26.124147,325,1016,1391,3952,88,0,0
26.144148,319,1016,1340,3835,88,0,0
26.164148,302,943,1331,3821,87,0,0
26.184147,300,939,1305,3858,85,0,0
26.204147,330,1050,1387,4025,87,0,0
26.224148,330,1017,1378,4073,84,0,0
26.244148,308,982,1343,3829,89,0,0
26.304148,324,1018,1335,3961,85,0,0
26.324148,307,965,1341,3815,88,0,0
26.344149,300,941,1315,3879,85,0,0
26.364147,340,1063,1410,3977,88,0,0
26.384148,336,1049,1404,4028,87,0,0
26.404148,320,1002,1372,3945,87,0,0
26.424149,327,1053,1365,3827,90,0,0
26.444147,344,1088,1430,4221,85,0,0
26.464148,340,1064,1420,3972,89,0,0
26.484148,314,1013,1388,3981,89,0,0
26.504148,331,1059,1388,3947,89,0,0
26.524147,354,1118,1448,4172,87,0,0
26.544147,350,1117,1442,4182,87,0,0
26.564148,339,1040,1408,4113,84,0,0
26.624147,350,1112,1473,4147,89,0,0
26.644148,332,1036,1409,4056,87,0,0
26.664148,323,1023,1379,3965,88,0,0
26.684147,351,1126,1449,4176,88,0,0
26.704147,345,1076,1438,4132,87,0,0
26.724148,327,1020,1404,4035,87,0,0
26.744148,323,1006,1375,3959,87,0,0
26.764149,354,1099,1456,4239,85,0,0
26.784147,348,1087,1449,4164,87,0,0
26.804148,330,1030,1422,4133,86,0,0
26.824148,319,995,1383,3999,86,0,0
26.844149,351,1140,1458,4142,90,0,0
26.864147,347,1099,1449,4169,88,0,0
26.884148,329,1053,1381,4079,86,0,0
26.944147,344,1076,1441,4152,87,0,0
26.964148,324,1021,1412,4087,87,0,0
26.984148,313,978,1426,3952,90,0,0
27.004148,350,1105,1454,4196,87,0,0
27.024147,346,1104,1449,4213,87,0,0
27.044147,321,1025,1418,4095,88,0,0
27.064148,313,978,1384,4103,84,0,0
27.084148,348,1068,1453,4187,86,0,0
27.104147,344,1070,1471,4125,88,0,0
27.124147,326,1040,1414,4083,88,0,0
27.144148,311,966,1380,3991,86,0,0
27.164148,343,1067,1446,4286,84,0,0
27.184147,338,1072,1444,4128,88,0,0
27.204147,323,1008,1407,4103,86,0,0
27.264149,335,1041,1428,4118,86,0,0
27.284147,320,1002,1395,4029,87,0,0
27.304148,303,955,1362,3940,87,0,0
27.324148,340,1088,1481,4259,88,0,0
27.344149,336,1076,1435,4178,87,0,0
27.364147,321,1001,1404,4189,84,0,0
27.384148,307,971,1373,4022,86,0,0
27.404148,336,1056,1434,4136,87,0,0
27.424149,336,1047,1429,4162,86,0,0
27.444147,321,1036,1414,4066,89,0,0
27.464148,310,967,1381,3994,86,0,0
27.484148,350,1065,1434,4135,85,0,0
27.504148,339,1067,1422,4112,87,0,0
27.524147,327,993,1411,4079,85,0,0
27.584148,332,1030,1432,4176,85,0,0
27.604147,325,1012,1416,4083,86,0,0
27.624147,311,949,1370,3968,85,0,0
27.644148,301,910,1332,3874,84,0,0
27.664148,327,1016,1429,4091,87,0,0
27.684147,325,998,1407,4054,86,0,0
27.704147,306,949,1371,3976,86,0,0
27.724148,294,914,1335,3880,86,0,0
27.744148,325,1008,1412,4018,87,0,0
27.764149,319,989,1399,4086,85,0,0
27.784147,305,935,1358,3979,84,0,0
27.804148,289,900,1329,3866,86,0,0
27.824148,327,999,1411,4093,85,0,0
27.844149,322,1002,1431,4049,88,0,0
27.904148,316,1007,1414,4107,87,0,0
27.924149,320,990,1423,4084,86,0,0
27.944147,305,949,1378,3999,86,0,0
27.964148,292,888,1392,3905,87,0,0
27.984148,321,1001,1411,4082,86,0,0
28.004148,315,981,1400,4051,86,0,0
28.024147,299,933,1367,3976,86,0,0
28.044147,286,889,1361,3855,88,0,0
28.064148,323,999,1417,4208,84,0,0
28.084148,324,978,1412,4081,84,0,0
28.104147,307,953,1428,4073,87,0,0
28.124147,292,911,1352,3927,86,0,0
28.144148,324,1023,1418,4039,88,0,0
28.164148,320,997,1447,4076,88,0,0
28.224148,317,971,1393,4038,85,0,0
28.244148,314,965,1402,4045,86,0,0
28.264149,307,956,1391,4028,86,0,0
28.284147,292,913,1351,3916,86,0,0
28.324148,317,985,1411,4232,83,0,0
28.344149,310,967,1398,4008,87,0,0
28.364147,296,936,1361,3992,86,0,0
28.384148,304,932,1343,3937,84,0,0
28.404148,319,1019,1416,4097,88,0,0
28.424149,313,978,1404,4151,85,0,0
28.444147,296,916,1405,4098,85,0,0
28.464148,282,886,1334,3825,87,0,0
28.484148,315,981,1407,4070,86,0,0
28.544147,284,884,1298,3901,83,0,0
28.564148,317,981,1413,4115,85,0,0
28.584148,312,970,1401,4056,86,0,0
28.604147,297,919,1414,3970,88,0,0
28.624147,279,873,1340,3889,86,0,0
28.644148,318,1004,1439,4094,88,0,0
28.664148,315,988,1408,4193,84,0,0
28.684147,304,945,1391,4039,86,0,0
28.704147,289,901,1356,3877,87,0,0
28.724148,315,971,1402,4022,86,0,0
28.744148,321,968,1406,4069,84,0,0
28.764149,307,955,1403,3970,88,0,0
28.784147,301,911,1364,3957,84,0,0
28.804148,320,974,1416,4207,82,0,0
28.864147,291,913,1359,3945,86,0,0
28.884148,315,980,1400,4052,86,0,0
28.904148,320,990,1429,4113,86,0,0
28.924149,313,993,1419,4121,87,0,0
28.944147,298,926,1399,4152,84,0,0
28.964148,303,952,1362,3946,87,0,0
28.984148,322,1014,1437,4129,87,0,0
29.004148,317,981,1442,4179,86,0,0
29.024147,300,940,1387,4110,85,0,0
29.044147,287,893,1358,3936,86,0,0
29.064148,319,1004,1430,4132,87,0,0
29.084148,316,984,1422,4109,86,0,0
29.104147,303,937,1395,4083,85,0,0
29.124147,288,901,1363,3947,86,0,0
29.204147,294,914,1385,4009,86,0,0
29.224148,327,1021,1453,4106,88,0,0
29.244148,319,1001,1445,4264,85,0,0
29.264149,311,967,1444,4194,86,0,0
29.284147,297,922,1393,3928,88,0,0
29.304148,320,993,1428,4131,86,0,0
29.324148,324,986,1442,4165,85,0,0
29.344149,320,972,1438,4149,85,0,0
29.364147,298,927,1428,4054,88,0,0
29.384148,324,1039,1464,4171,89,0,0
29.404148,313,994,1444,4185,87,0,0
29.424149,313,993,1437,4191,87,0,0
29.444147,298,945,1398,4054,87,0,0
29.524147,302,955,1411,3952,89,0,0
29.544147,313,975,1414,4079,86,0,0
29.564148,323,1025,1465,4238,87,0,0
29.584148,319,992,1457,4216,86,0,0
29.604147,299,941,1420,4116,87,0,0
29.624147,320,1013,1434,4147,87,0,0
29.644148,325,1014,1474,4271,86,0,0
29.664148,320,1009,1463,4221,87,0,0
29.684147,304,944,1446,4125,87,0,0
29.704147,318,974,1428,4129,85,0,0
29.724148,330,1038,1510,4344,87,0,0
29.744148,330,1008,1470,4260,85,0,0
29.764149,308,956,1423,4203,84,0,0
29.784147,296,920,1403,4208,83,0,0
29.844149,310,974,1445,4121,88,0,0
29.864147,297,936,1409,4171,85,0,0
29.884148,329,1014,1481,4284,85,0,0
29.904148,324,1003,1470,4384,83,0,0
29.924149,308,959,1411,4177,84,0,0
29.944147,296,919,1459,4185,87,0,0
29.964148,329,1032,1431,4374,82,0,0
29.984148,332,1013,1474,4262,85,0,0
30.004148,318,973,1455,4225,85,0,0
30.024147,300,944,1426,4113,87,0,0
30.044147,310,961,1414,4101,86,0,0
30.064148,321,1020,1475,4270,87,0,0
30.084148,319,988,1463,4243,86,0,0
30.104147,302,942,1424,4152,86,0,0
30.164148,320,998,1467,4253,86,0,0
30.184147,304,927,1426,4145,84,0,0
30.204147,294,914,1396,3995,87,0,0
30.224148,328,1041,1483,4289,87,0,0
30.244148,324,1014,1474,4275,86,0,0
30.264149,307,964,1436,4172,86,0,0
30.284147,294,928,1354,4087,84,0,0
30.304148,325,1008,1475,4255,86,0,0
30.324148,322,1021,1468,4323,86,0,0
30.344149,308,957,1437,4179,86,0,0
30.364147,295,916,1404,4084,86,0,0
30.384148,322,1019,1484,4291,87,0,0
30.404148,331,1005,1474,4264,85,0,0
30.424149,313,977,1440,4258,85,0,0
30.504148,312,967,1445,4190,86,0,0
30.524147,300,926,1410,4161,84,0,0
30.544147,332,1026,1482,4290,86,0,0
30.564148,328,1024,1477,4278,86,0,0
30.584148,313,977,1445,4182,86,0,0
30.604147,322,1014,1436,4148,87,0,0
30.624147,334,1037,1491,4244,87,0,0
30.644148,330,1028,1480,4273,86,0,0
30.664148,309,978,1442,4168,87,0,0
30.684147,329,1021,1448,4195,86,0,0
30.704147,344,1078,1494,4310,87,0,0
30.724148,323,1064,1483,4285,89,0,0
30.744148,317,973,1443,4178,85,0,0
30.764149,310,963,1415,4100,86,0,0
30.824148,320,1025,1437,4279,86,0,0
30.844149,315,957,1373,4108,82,0,0
30.864147,332,1048,1493,4291,87,0,0
30.884148,332,1055,1470,4245,87,0,0
30.904148,317,1001,1441,4065,89,0,0
30.924149,309,927,1414,4104,83,0,0
30.944147,332,1030,1485,4254,87,0,0
30.964148,332,1031,1466,4226,86,0,0
30.984148,329,1040,1454,4203,87,0,0
31.004148,311,994,1425,4186,86,0,0
31.024147,301,925,1359,4034,83,0,0
31.044147,333,1049,1454,4395,83,0,0
31.064148,326,1012,1456,4076,89,0,0
31.084148,308,952,1416,4106,85,0,0
31.144148,317,1007,1428,4119,88,0,0
31.164148,306,928,1399,4058,84,0,0
31.184147,287,890,1361,4020,84,0,0
31.204147,323,1017,1440,4164,87,0,0
31.224148,320,992,1435,4143,86,0,0
31.244148,315,946,1406,3943,86,0,0
31.264149,291,906,1372,3947,87,0,0
31.284147,322,994,1432,4153,85,0,0
31.304148,318,1010,1422,4129,87,0,0
31.324148,307,946,1361,4079,83,0,0
31.344149,291,913,1369,3981,86,0,0
31.364147,319,992,1427,4140,86,0,0
31.384148,312,976,1419,4101,86,0,0
31.404148,302,947,1392,4096,85,0,0
31.464148,317,1017,1425,4180,87,0,0
31.484148,301,935,1378,4022,85,0,0
31.504148,321,995,1408,4075,86,0,0
31.524147,328,1040,1444,4184,87,0,0
31.544147,329,1003,1431,4263,82,0,0
31.564148,307,960,1396,4046,86,0,0
31.584148,331,1027,1431,4145,86,0,0
31.604147,329,1024,1439,4167,86,0,0
31.624147,323,1012,1436,4161,86,0,0
31.644148,309,962,1424,3989,89,0,0
31.664148,334,1039,1439,4151,86,0,0
31.684147,330,1031,1431,4268,84,0,0
31.704147,318,992,1415,4079,87,0,0
31.724148,303,947,1378,3988,86,0,0
31.804148,308,962,1387,3975,87,0,0
31.824148,294,932,1354,3915,87,0,0
31.844149,329,1027,1428,4104,87,0,0
31.864147,326,1014,1420,4080,87,0,0
31.884148,313,1004,1395,4019,88,0,0
31.904148,299,930,1361,3930,86,0,0
31.924149,284,877,1328,3889,85,0,0
31.944147,315,1031,1404,4043,89,0,0
31.964148,314,975,1397,4026,86,0,0
31.984148,297,937,1371,3956,87,0,0
32.004147,287,889,1378,3921,87,0,0
32.024147,309,968,1370,4094,84,0,0
32.044147,312,979,1397,4067,86,0,0
32.064148,306,951,1385,4005,86,0,0
32.12415,315,1003,1405,4042,88,0,0
32.144146,311,975,1398,4028,87,0,0
32.164146,296,918,1368,4030,84,0,0
32.184147,278,878,1334,3860,87,0,0
32.204147,310,964,1389,4009,86,0,0
32.224148,308,955,1388,4008,86,0,0
32.24415,301,916,1382,3989,85,0,0
32.26415,287,903,1347,3896,87,0,0
32.28415,312,967,1393,3975,87,0,0
32.30415,310,961,1400,4046,86,0,0
32.324146,303,944,1405,4007,87,0,0
32.344147,288,911,1352,3914,87,0,0
32.364147,308,959,1377,3947,87,0,0
32.384148,318,974,1413,3988,87,0,0
32.44415,301,939,1355,3928,86,0,0
32.46415,307,991,1420,4092,88,0,0
32.484146,309,956,1401,4095,85,0,0
32.504147,295,916,1398,3956,88,0,0
32.524147,316,954,1395,4029,84,0,0
32.544147,317,1003,1417,4074,88,0,0
32.564148,311,969,1405,4062,86,0,0
32.58415,297,925,1327,4056,82,0,0
32.60415,320,995,1358,4149,82,0,0
32.62415,324,1041,1432,4136,88,0,0
32.644146,319,991,1424,4144,86,0,0
32.664146,305,957,1388,3998,87,0,0
32.684147,309,955,1371,4010,85,0,0
32.704147,327,1040,1442,4148,88,0,0
32.78415,331,1028,1447,4173,86,0,0
32.80415,326,1014,1436,4144,86,0,0
32.824146,311,944,1403,4046,85,0,0
32.844147,301,936,1381,3984,86,0,0
32.864147,337,1046,1459,4243,86,0,0
32.884148,339,1074,1464,4230,87,0,0
32.90415,329,1021,1450,4240,85,0,0
32.92415,313,992,1414,4096,87,0,0
32.94415,317,958,1381,4012,84,0,0
32.96415,349,1053,1473,4246,84,0,0
32.984146,336,1045,1466,4279,85,0,0
33.004147,320,991,1434,4145,86,0,0
33.024147,308,957,1406,4135,85,0,0
33.044147,338,1059,1469,4248,87,0,0
33.10415,305,948,1404,4063,86,0,0
33.12415,320,1004,1404,4110,86,0,0
33.144146,334,1036,1470,4182,87,0,0
33.164146,329,1036,1462,4289,86,0,0
33.184147,312,992,1445,4124,88,0,0
33.204147,299,931,1412,4175,84,0,0
33.224148,331,1018,1445,4258,84,0,0
33.24415,327,1016,1452,4211,86,0,0
33.26415,328,996,1446,4159,85,0,0
33.28415,306,966,1409,4185,85,0,0
33.30415,310,955,1402,4040,86,0,0
33.324146,325,1008,1459,4221,86,0,0
33.344147,320,978,1442,4185,85,0,0
33.364147,303,954,1406,3970,89,0,0
33.42415,325,1023,1449,4200,87,0,0
33.44415,312,963,1426,4144,85,0,0
33.46415,300,945,1395,4057,86,0,0
33.484146,318,1015,1401,3976,89,0,0
33.504147,321,996,1449,4268,84,0,0
33.524147,319,967,1439,4155,85,0,0
33.544147,303,943,1401,4075,86,0,0
33.58415,331,1024,1462,4237,86,0,0
33.60415,327,1017,1457,4268,85,0,0
33.62415,312,968,1420,4125,86,0,0
33.644146,299,921,1391,4038,85,0,0
33.664146,336,1022,1451,4319,82,0,0
33.684147,329,1022,1449,4204,86,0,0
33.76415,328,993,1448,4298,82,0,0
33.78415,333,992,1438,4087,85,0,0
33.80415,310,988,1405,4117,87,0,0
33.824146,298,948,1379,3996,87,0,0
33.844147,322,1014,1420,4108,87,0,0
33.864147,320,1017,1426,4129,87,0,0
33.884148,314,975,1416,4155,85,0,0
33.90415,299,948,1379,4025,86,0,0
33.92415,288,900,1340,3865,87,0,0
33.94415,325,1033,1434,4190,87,0,0
33.96415,322,965,1426,4039,85,0,0
33.984146,305,965,1392,4040,87,0,0
34.004147,292,924,1361,3945,87,0,0
34.024147,307,953,1370,3964,86,0,0
34.08415,298,936,1375,3971,87,0,0
34.10415,297,923,1349,3908,86,0,0
34.12415,315,965,1412,4177,83,0,0
34.144146,310,961,1401,4050,86,0,0
34.164146,294,935,1362,3830,89,0,0
34.184147,300,919,1345,3780,87,0,0
34.204147,327,973,1423,4113,83,0,0
34.224148,323,987,1417,4095,85,0,0
34.24415,303,939,1385,4001,86,0,0
34.26415,300,959,1358,4058,85,0,0
34.28415,327,1026,1430,4126,87,0,0
34.30415,323,1001,1444,4159,86,0,0
34.324146,308,958,1392,4016,86,0,0
34.344147,303,935,1366,3956,85,0,0
34.40415,307,955,1386,4008,86,0,0
34.42415,296,924,1365,3951,86,0,0
34.44415,332,1029,1432,4125,86,0,0
34.46415,330,1024,1433,4000,89,0,0
34.484146,316,1005,1402,4060,87,0,0
34.504147,309,944,1372,3969,85,0,0
34.524147,325,1040,1359,4078,85,0,0
34.544147,328,1053,1425,4102,88,0,0
34.564148,323,1034,1412,4070,88,0,0
34.58415,309,958,1383,3938,87,0,0
34.60415,294,934,1350,3897,87,0,0
34.62415,325,1009,1430,4050,88,0,0
34.644146,315,988,1414,4050,87,0,0
34.664146,306,946,1374,3972,86,0,0
34.74415,314,991,1392,4031,87,0,0
34.76415,299,947,1355,3859,88,0,0
34.78415,302,938,1336,3817,87,0,0
34.80415,323,992,1409,4153,84,0,0
34.824146,317,983,1400,4030,86,0,0
34.844147,301,934,1395,3845,90,0,0
34.864147,287,888,1328,3849,86,0,0
34.884148,318,1016,1398,4022,88,0,0
34.90415,315,984,1390,4099,85,0,0
34.92415,300,933,1361,3925,86,0,0
34.94415,288,912,1329,3674,90,0,0
34.96415,322,1005,1405,4046,87,0,0
34.984146,318,1020,1400,4093,87,0,0
35.004147,304,942,1371,3951,86,0,0
35.064148,326,1015,1444,4135,87,0,0
35.08415,310,973,1414,3998,88,0,0
35.10415,297,927,1358,3926,86,0,0
35.12415,322,1001,1400,4033,86,0,0
35.144146,317,1039,1417,4056,90,0,0
35.164146,324,1006,1423,4110,86,0,0
35.184147,313,976,1402,4028,87,0,0
35.204147,336,1058,1443,4175,87,0,0
35.224148,333,1029,1438,4275,83,0,0
35.24415,334,1012,1424,4150,84,0,0
35.26415,310,966,1390,4091,85,0,0
35.28415,324,999,1395,3958,87,0,0
35.30415,341,1083,1459,4213,87,0,0
35.324146,338,1061,1456,4200,87,0,0
35.384148,345,1073,1464,4227,86,0,0
35.40415,344,1076,1466,4221,87,0,0
35.42415,332,1035,1443,4361,83,0,0
35.44415,318,1006,1412,4081,87,0,0
35.46415,343,1059,1478,4159,88,0,0
35.484146,340,1060,1451,4184,86,0,0
35.504147,327,1039,1433,4104,88,0,0
35.524147,320,989,1400,4049,86,0,0
35.544147,341,1062,1445,4166,86,0,0
35.564148,345,1071,1462,4245,86,0,0
35.58415,338,1054,1454,4062,89,0,0
35.60415,322,1000,1415,4064,87,0,0
35.62415,320,1008,1385,4107,85,0,0
35.644146,345,1074,1466,4257,86,0,0
35.724148,339,1082,1452,4183,88,0,0
35.74415,335,1040,1437,4170,86,0,0
35.76415,318,1005,1406,4072,87,0,0
35.78415,298,946,1373,3979,87,0,0
35.80415,340,1022,1443,4166,84,0,0
35.824146,338,1032,1443,4161,85,0,0
35.844147,325,981,1422,4216,82,0,0
35.864147,310,964,1383,4060,85,0,0
35.884148,328,1012,1408,4117,85,0,0
35.90415,332,1056,1438,4154,87,0,0
35.92415,326,1014,1426,4128,86,0,0
35.94415,316,978,1376,4010,85,0,0
35.96415,301,959,1351,3915,87,0,0
35.984146,330,1019,1429,4130,86,0,0
36.044147,313,942,1354,3925,84,0,0
36.064148,331,1026,1433,4122,86,0,0
36.08415,329,1032,1423,4114,87,0,0
36.10415,308,956,1375,4146,83,0,0
36.12415,295,922,1352,3937,86,0,0
36.144146,324,1041,1438,4111,89,0,0
36.164146,329,1037,1433,4142,87,0,0
36.184147,313,973,1398,4046,86,0,0
36.204147,298,952,1366,3963,87,0,0
36.224148,329,1009,1431,4075,86,0,0
36.24415,326,1016,1424,4121,86,0,0
36.26415,316,970,1407,4072,85,0,0
36.28415,301,950,1368,3929,87,0,0
36.30415,333,1019,1434,4144,85,0,0
36.364147,301,950,1365,4025,85,0,0
36.384148,333,1037,1474,4209,87,0,0
36.40415,332,1047,1443,4139,88,0,0
36.42415,321,999,1413,4089,86,0,0
36.44415,306,956,1379,3995,86,0,0
36.46415,332,1033,1412,4022,87,0,0
36.484146,331,1040,1429,4090,87,0,0
36.504147,324,1008,1418,4103,86,0,0
36.524147,308,962,1438,3999,89,0,0
36.544147,335,1053,1433,4182,86,0,0
36.564148,334,1067,1432,4101,88,0,0
36.58415,324,994,1416,4110,85,0,0
36.60415,309,976,1377,3988,87,0,0
36.62415,330,1027,1404,4077,86,0,0
36.684147,313,976,1383,3960,87,0,0
36.704147,303,942,1381,4043,85,0,0
36.724148,336,1076,1432,4126,88,0,0
36.74415,337,1025,1423,4150,84,0,0
36.76415,316,985,1388,3981,87,0,0
36.78415,304,950,1359,3801,89,0,0
36.80415,336,1073,1430,4089,88,0,0
36.824146,331,1023,1421,4075,86,0,0
36.844147,313,999,1384,4004,88,0,0
36.864147,298,927,1347,4036,83,0,0
36.884148,333,1029,1423,4089,86,0,0
36.90415,329,1024,1411,4111,86,0,0
36.92415,314,976,1381,3985,86,0,0
36.94415,299,930,1347,3892,86,0,0
37.024147,299,922,1344,3880,86,0,0
37.044147,331,1041,1413,4071,87,0,0
37.064148,326,1027,1401,4161,85,0,0
37.08415,310,963,1372,3988,86,0,0
37.10415,315,1001,1355,3964,86,0,0
37.12415,333,1009,1418,4086,85,0,0
37.144146,326,1012,1420,4084,86,0,0
37.164146,304,962,1371,4034,86,0,0
37.184147,331,997,1402,4077,84,0,0
37.204147,327,1023,1404,4018,87,0,0
37.224148,323,1034,1401,4126,86,0,0
37.24415,308,968,1366,3948,87,0,0
37.26415,339,1051,1427,4110,86,0,0
37.344147,345,1043,1483,4130,87,0,0
37.364147,341,1056,1433,4112,86,0,0
37.384148,324,1008,1399,4082,85,0,0
37.40415,311,966,1369,3957,86,0,0
37.42415,342,1065,1461,4162,87,0,0
37.44415,340,1078,1427,4145,87,0,0
37.46415,326,1015,1403,4050,86,0,0
37.484146,309,984,1376,3940,88,0,0
37.504147,334,1087,1405,4052,89,0,0
37.524147,333,1020,1412,4075,85,0,0
37.544147,325,1032,1400,4129,86,0,0
37.564148,311,975,1370,3957,87,0,0
37.58415,309,963,1384,3883,89,0,0
37.60415,344,1054,1425,4106,85,0,0
37.664146,301,942,1345,3871,87,0,0
37.684147,332,1038,1404,4161,84,0,0
37.704147,330,1039,1402,4040,87,0,0
37.724148,318,1019,1382,3871,90,0,0
37.74415,304,947,1348,3898,86,0,0
37.76415,324,1011,1376,3962,87,0,0
37.78415,321,1009,1381,3987,87,0,0
37.80415,314,977,1393,4016,86,0,0
37.824146,306,914,1334,3894,83,0,0
37.844147,324,1029,1374,4022,86,0,0
37.864147,326,1015,1394,4026,86,0,0
37.884148,320,1006,1384,3982,87,0,0
37.90415,304,944,1348,3894,86,0,0
37.92415,322,1004,1366,3929,87,0,0
37.984146,309,1007,1343,3907,88,0,0
38.004147,323,1026,1356,3999,86,0,0
38.024147,331,1046,1427,3955,90,0,0
38.044147,324,1012,1354,4001,85,0,0
38.064148,312,969,1361,4038,84,0,0
38.08415,336,1042,1402,4025,86,0,0
38.12415,330,1028,1404,4033,87,0,0
38.144146,317,989,1373,3995,86,0,0
38.164146,342,1060,1415,4070,86,0,0
38.184147,345,1041,1429,4002,87,0,0
38.204147,338,1048,1420,4027,87,0,0
38.224148,325,1005,1391,3984,86,0,0
38.24415,338,1016,1398,4039,84,0,0
38.26415,349,1082,1443,4125,87,0,0
38.324146,349,1055,1397,3871,88,0,0
38.344147,355,1107,1457,4250,86,0,0
38.364147,353,1088,1442,4136,86,0,0
38.384148,336,1068,1411,4063,88,0,0
38.40415,322,1004,1381,3962,87,0,0
38.42415,364,1117,1459,4156,86,0,0
38.44415,358,1113,1446,4151,87,0,0
38.46415,343,1068,1422,4074,87,0,0
38.484146,322,1026,1391,3884,90,0,0
38.504147,339,1061,1387,3986,87,0,0
38.524147,352,1072,1440,4133,85,0,0
38.544147,348,1083,1429,4099,87,0,0
38.564148,331,1036,1394,4056,86,0,0
38.58415,324,1029,1367,3936,88,0,0
38.644146,326,1017,1386,3994,87,0,0
38.664146,313,971,1358,3832,88,0,0
38.684147,334,1088,1425,4082,89,0,0
38.704147,349,1087,1424,4201,85,0,0
38.724148,336,1059,1404,4043,87,0,0
38.74415,334,1003,1370,4076,81,0,0
38.76415,333,1040,1370,3939,87,0,0
38.78415,347,1102,1425,4150,87,0,0
38.80415,349,1066,1414,4117,84,0,0
38.824146,326,1020,1378,3908,88,0,0
38.844147,331,1032,1362,3929,86,0,0
38.864147,346,1083,1424,4107,87,0,0
38.884148,353,1045,1413,4064,83,0,0
38.90415,313,1032,1374,3962,89,0,0
38.96415,345,1108,1441,3982,91,0,0
38.984146,328,1041,1386,4036,87,0,0
39.004147,313,1011,1355,3929,88,0,0
39.024147,345,1067,1454,4117,87,0,0
39.044147,343,1059,1425,4123,86,0,0
39.064148,328,1027,1400,4003,87,0,0
39.08415,313,979,1355,3969,85,0,0
39.10415,348,1087,1422,4096,87,0,0
39.12415,346,1079,1419,4146,85,0,0
39.144146,332,1042,1411,4015,88,0,0
39.164146,317,965,1352,3849,86,0,0
39.184147,353,1100,1432,4045,88,0,0
39.204147,350,1093,1426,4154,86,0,0
39.224148,334,1037,1422,4021,88,0,0
39.30415,334,1043,1396,4026,87,0,0
39.324146,325,1041,1364,3930,88,0,0
39.344147,354,1100,1428,4107,86,0,0
39.364147,348,1053,1419,4068,85,0,0
39.384148,326,1030,1382,3985,87,0,0
39.40415,323,1002,1355,4051,83,0,0
39.42415,357,1110,1429,4185,85,0,0
39.44415,353,1096,1425,4086,87,0,0
39.46415,335,1042,1392,4006,86,0,0
39.484146,320,998,1360,3917,87,0,0
39.504147,356,1105,1425,4127,86,0,0
39.524147,356,1093,1419,4076,86,0,0
39.544147,336,1039,1390,4117,84,0,0
39.564148,320,1023,1357,3906,88,0,0
39.62415,326,1014,1364,3897,87,0,0
39.644146,311,961,1331,3832,86,0,0
39.664146,352,1075,1396,4003,86,0,0
39.684147,344,1100,1401,3940,90,0,0
39.704147,330,1022,1365,3887,87,0,0
39.724148,313,989,1332,3832,87,0,0
39.74415,344,1094,1390,3954,89,0,0
39.76415,341,1062,1385,3975,87,0,0
39.78415,328,1015,1358,3900,86,0,0
39.80415,313,979,1326,3820,87,0,0
39.824146,342,1094,1388,3971,88,0,0
39.844147,340,1041,1374,3946,86,0,0
39.864147,317,1006,1341,3890,87,0,0
39.884148,311,970,1310,3776,87,0,0
39.94415,332,1013,1349,3918,85,0,0
39.96415,315,981,1322,3796,87,0,0
39.984146,346,1074,1390,4034,86,0,0
40.004147,339,1054,1381,3959,87,0,0
40.024147,322,1001,1346,3870,87,0,0
40.044147,314,980,1320,3790,87,0,0
40.064148,341,1078,1385,3976,88,0,0
40.08415,334,1039,1374,3936,87,0,0
40.10415,312,987,1341,3846,88,0,0
40.12415,325,1011,1329,3823,87,0,0
40.144146,343,1105,1393,3903,90,0,0
40.164146,337,1092,1381,3956,89,0,0
40.184147,320,996,1348,3866,87,0,0
40.204147,328,1049,1338,3838,88,0,0
40.26415,320,1016,1344,3862,88,0,0
40.28415,315,996,1319,3690,90,0,0
40.30415,340,1059,1383,4046,85,0,0
40.324146,335,1042,1375,3939,87,0,0
40.344147,318,991,1343,3848,87,0,0
40.364147,316,986,1332,3894,85,0,0
40.384148,336,1053,1387,3993,87,0,0
40.40415,333,1066,1376,3911,89,0,0
40.42415,314,982,1337,3835,87,0,0
40.44415,315,989,1314,3767,87,0,0
40.46415,342,1062,1391,3971,87,0,0
40.484146,335,1058,1382,3994,87,0,0
40.504147,318,989,1344,3858,87,0,0
40.524147,304,930,1315,3779,86,0,0
40.60415,308,988,1322,3883,87,0,0
40.62415,337,1016,1387,3973,85,0,0
40.644146,332,1054,1380,4011,87,0,0
40.664146,325,981,1344,3998,82,0,0
40.684147,306,955,1315,3804,86,0,0
40.704147,341,1074,1394,3925,89,0,0
40.724148,337,1042,1386,4079,84,0,0
40.74415,320,1011,1357,3891,88,0,0
40.76415,306,953,1327,3806,87,0,0
40.78415,341,1054,1396,4004,86,0,0
40.80415,336,1055,1389,3984,87,0,0
40.824146,321,993,1359,3907,86,0,0
40.844147,307,954,1330,3825,86,0,0
40.864147,338,1032,1392,3986,86,0,0
40.92415,303,944,1323,3810,87,0,0
40.94415,339,1052,1392,3949,87,0,0
40.96415,336,1043,1390,4091,85,0,0
40.984146,322,998,1362,3917,86,0,0
41.004147,308,937,1334,3820,85,0,0
41.024147,338,1049,1389,3984,87,0,0
41.044147,336,1008,1389,4071,83,0,0
41.064148,325,1023,1369,3938,87,0,0
41.08415,316,947,1338,3889,83,0,0
41.10415,321,985,1325,3823,85,0,0
41.12415,332,1037,1393,4006,87,0,0
41.144146,340,1042,1410,4081,85,0,0
41.164146,333,1021,1407,4029,86,0,0
41.184147,317,981,1369,3849,88,0,0
41.24415,333,1049,1409,4039,88,0,0
41.26415,318,984,1374,3955,86,0,0
41.28415,353,1117,1444,4135,88,0,0
41.30415,352,1087,1473,4094,89,0,0
41.324146,341,1075,1432,4036,89,0,0
41.344147,335,1011,1433,4028,87,0,0
41.364147,354,1094,1444,4236,85,0,0
41.384148,354,1112,1459,4192,87,0,0
41.40415,351,1070,1422,4167,84,0,0
41.42415,330,1022,1415,4035,87,0,0
41.44415,356,1067,1458,4198,84,0,0
41.46415,353,1073,1456,4191,85,0,0
41.484146,343,1060,1444,4161,86,0,0
41.504147,326,1042,1393,4025,88,0,0
41.564148,349,1077,1491,4198,88,0,0
41.58415,333,1031,1423,4185,84,0,0
41.60415,353,1106,1464,4154,88,0,0
41.62415,359,1091,1472,4337,83,0,0
41.644146,350,1082,1461,4213,86,0,0
41.664146,340,1037,1430,4129,85,0,0
41.684147,360,1109,1499,4279,87,0,0
41.704147,356,1100,1468,4189,87,0,0
41.724148,346,1092,1452,4192,87,0,0
41.74415,331,1026,1419,3936,89,0,0
41.76415,359,1122,1464,4220,87,0,0
41.78415,361,1113,1476,4334,84,0,0
41.80415,353,1091,1464,4259,85,0,0
41.824146,336,1041,1427,4288,83,0,0
41.90415,336,1034,1424,4089,86,0,0
41.92415,344,1043,1416,4211,82,0,0
41.94415,356,1092,1503,4278,87,0,0
41.96415,348,1077,1449,4216,85,0,0
41.984146,329,1041,1384,4203,83,0,0
42.004147,339,1067,1400,4048,87,0,0
42.024147,356,1104,1466,4231,86,0,0
42.044147,350,1083,1449,4241,85,0,0
42.064148,330,1024,1407,4082,86,0,0
42.08415,314,976,1372,3981,86,0,0
42.10415,351,1062,1448,4195,84,0,0
42.12415,346,1068,1439,4160,86,0,0
42.144146,329,1022,1408,3980,88,0,0
42.164146,314,944,1371,3980,84,0,0
42.224148,327,1016,1404,4065,86,0,0
42.24415,310,974,1364,3966,86,0,0
42.26415,344,1062,1430,4133,86,0,0
42.28415,341,1072,1425,4239,84,0,0
42.30415,329,1065,1408,4197,86,0,0
42.324146,314,991,1371,3977,87,0,0
42.344147,343,1086,1424,4038,89,0,0
42.364147,341,1056,1429,4222,84,0,0
42.384148,332,1030,1413,3973,88,0,0
42.40415,316,1013,1378,3989,88,0,0
42.42415,330,1020,1380,4007,85,0,0
42.44415,337,1075,1430,4131,88,0,0
42.46415,333,1031,1416,4157,85,0,0
42.484146,317,985,1382,4036,85,0,0
42.544147,336,1040,1429,4131,86,0,0
42.564148,320,1003,1389,4024,86,0,0
42.58415,316,1004,1365,3953,87,0,0
42.60415,347,1070,1433,4189,85,0,0
42.62415,342,1056,1461,4175,87,0,0
42.644146,325,976,1407,4079,84,0,0
42.664146,311,966,1376,4001,86,0,0
42.684147,341,1060,1445,4177,86,0,0
42.704147,337,1020,1437,4076,86,0,0
42.724148,319,969,1436,4004,88,0,0
42.74415,306,928,1357,3937,84,0,0
42.76415,343,1050,1478,4138,88,0,0
42.78415,333,1034,1419,4103,86,0,0
42.80415,314,971,1384,4060,85,0,0
42.864147,334,1048,1416,4101,86,0,0
42.884148,317,985,1356,3951,85,0,0
42.90415,332,1036,1393,4034,86,0,0
42.92415,335,1036,1414,4092,86,0,0
42.94415,328,1026,1402,4045,87,0,0
42.96415,313,971,1366,3954,86,0,0
42.984146,339,1065,1419,4096,87,0,0
43.004147,333,1055,1375,4049,86,0,0
43.024147,318,966,1373,3968,85,0,0
43.044147,336,1040,1393,4111,84,0,0
43.064148,337,1009,1408,4185,81,0,0
43.08415,336,1033,1396,4110,84,0,0
43.10415,316,979,1389,3909,88,0,0
43.12415,355,1076,1430,4114,85,0,0
43.184147,356,1101,1446,4146,86,0,0
43.204147,363,1119,1462,4222,86,0,0
43.224148,361,1106,1474,4241,86,0,0
43.24415,349,1083,1457,4225,86,0,0
43.26415,384,1186,1517,4404,85,0,0
43.28415,382,1226,1509,4508,85,0,0
43.30415,368,1145,1484,4313,86,0,0
43.324146,353,1128,1452,4233,87,0,0
43.344147,345,1076,1417,4050,87,0,0
43.364147,379,1197,1504,4360,87,0,0
43.384148,372,1179,1497,4393,86,0,0
43.40415,352,1100,1456,4196,87,0,0
43.42415,334,1024,1414,4075,85,0,0
43.44415,346,1076,1412,4242,83,0,0
43.524147,308,964,1356,4042,84,0,0
43.544147,339,1057,1416,4258,83,0,0
43.564148,330,1025,1398,4071,85,0,0
43.58415,319,985,1378,4006,85,0,0
43.60415,299,917,1352,4004,83,0,0
43.62415,332,1042,1381,4026,86,0,0
43.644146,323,1008,1391,4040,86,0,0
43.664146,319,1010,1383,4013,87,0,0
43.684147,301,935,1340,4007,83,0,0
43.704147,325,980,1374,3982,84,0,0
43.724148,339,1029,1425,4133,84,0,0
43.74415,328,1042,1426,4219,86,0,0
43.76415,309,945,1370,3977,85,0,0
43.78415,308,972,1342,3902,87,0,0
43.844147,297,944,1366,3971,87,0,0
43.864147,327,1010,1393,4047,85,0,0
43.884148,326,1006,1408,4036,86,0,0
43.90415,324,997,1409,4113,85,0,0
43.92415,308,982,1374,3974,88,0,0
43.94415,334,1036,1412,4186,84,0,0
43.96415,339,1099,1434,4174,88,0,0
43.984146,335,1026,1434,4149,85,0,0
44.004147,319,953,1401,4064,83,0,0
44.024147,342,1066,1432,4143,86,0,0
44.044147,344,1055,1453,4329,83,0,0
44.164146,328,1021,1417,4109,86,0,0
44.184147,364,1128,1479,4277,86,0,0
44.204147,370,1157,1483,4294,86,0,0
44.224148,355,1108,1463,4301,85,0,0
44.24415,340,1047,1425,4133,85,0,0
44.26415,368,1120,1471,4250,85,0,0
44.28415,369,1159,1472,4255,87,0,0
44.30415,360,1147,1452,4207,87,0,0
44.324146,347,1071,1414,4097,85,0,0
44.344147,357,1141,1414,4087,88,0,0
44.364147,363,1149,1445,4320,85,0,0
44.384148,357,1167,1429,4129,89,0,0
44.40415,338,1054,1386,4017,86,0,0
44.42415,327,1034,1336,4010,84,0,0
44.504147,327,1046,1352,3948,87,0,0
44.524147,355,1124,1391,4032,87,0,0
44.544147,357,1112,1407,4067,86,0,0
44.564148,349,1095,1392,4025,87,0,0
44.58415,331,1068,1364,3922,89,0,0
44.60415,343,1063,1352,3993,84,0,0
44.62415,362,1097,1395,4030,85,0,0
44.644146,344,1081,1385,3974,87,0,0
44.664146,325,1031,1343,3928,86,0,0
44.684147,333,1057,1333,3853,87,0,0
44.704147,357,1154,1406,3956,90,0,0
44.724148,352,1097,1401,4045,86,0,0
44.74415,334,1039,1362,3951,86,0,0
44.80415,360,1111,1404,4064,86,0,0
44.824146,337,1059,1375,3887,88,0,0
44.844147,322,1001,1346,3892,86,0,0
44.864147,356,1112,1407,4068,86,0,0
44.884148,354,1116,1419,4148,86,0,0
44.90415,339,1063,1379,3922,88,0,0
44.92415,324,1011,1350,4009,84,0,0
44.94415,361,1161,1419,4098,88,0,0
44.96415,360,1139,1419,4103,87,0,0
44.984146,346,1084,1397,4046,86,0,0
45.004147,330,1006,1365,3954,85,0,0
45.024147,366,1155,1415,4085,87,0,0
45.044147,360,1091,1422,4109,84,0,0
45.064148,351,1097,1409,4180,84,0,0
45.12415,358,1128,1421,4110,87,0,0
45.144146,355,1087,1414,4056,86,0,0
45.164146,337,1071,1386,4014,87,0,0
45.184147,321,1004,1353,3929,86,0,0
45.204147,358,1117,1422,4110,86,0,0
45.224148,359,1123,1419,4245,84,0,0
45.24415,343,1071,1402,4167,84,0,0
45.26415,326,1020,1365,4099,83,0,0
45.28415,314,981,1335,3894,86,0,0
45.30415,356,1109,1446,4255,85,0,0
45.324146,352,1124,1419,4112,87,0,0
45.344147,334,1019,1388,4028,85,0,0
45.364147,320,1000,1360,3942,86,0,0
45.384148,331,1033,1353,4043,84,0,0
45.44415,323,1007,1355,4097,83,0,0
45.46415,309,965,1340,3890,86,0,0
45.484146,350,1079,1423,4105,86,0,0
45.504147,352,1078,1419,4101,85,0,0
45.524147,330,1030,1391,4057,86,0,0
45.544147,314,992,1357,3938,87,0,0
45.564148,342,1048,1401,4159,83,0,0
45.58415,338,1069,1400,4008,88,0,0
45.60415,332,1042,1414,4011,88,0,0
45.62415,312,975,1345,3954,85,0,0
45.644146,319,1007,1385,3975,88,0,0
45.664146,334,1024,1393,3969,86,0,0
45.684147,330,1026,1381,4077,84,0,0
45.74415,337,1031,1396,4036,85,0,0
45.76415,331,1031,1386,4064,85,0,0
45.78415,315,981,1348,3899,86,0,0
45.80415,334,1027,1341,3877,85,0,0
45.824146,344,1068,1408,4071,86,0,0
45.844147,338,1053,1396,4030,86,0,0
45.864147,323,1008,1363,3933,86,0,0
45.884148,343,1041,1358,3923,85,0,0
45.90415,347,1071,1421,4124,85,0,0
45.92415,342,1093,1352,4137,83,0,0
45.94415,328,1025,1369,3957,86,0,0
45.96415,342,1073,1397,3954,88,0,0
45.984146,353,1093,1413,4067,86,0,0
46.004147,343,1070,1399,4036,86,0,0
46.064148,357,1144,1421,4083,88,0,0
46.08415,352,1120,1412,4053,88,0,0
46.10415,335,1019,1379,3976,85,0,0
46.12415,321,1002,1397,3846,90,0,0
46.144146,358,1115,1411,4088,86,0,0
46.164146,353,1098,1409,4116,85,0,0
46.184147,340,1053,1402,3893,89,0,0
46.204147,326,1013,1392,3911,88,0,0
46.224148,349,1100,1387,3991,87,0,0
46.24415,346,1114,1396,4007,89,0,0
46.26415,339,1039,1384,3971,86,0,0
46.28415,321,1006,1349,3826,88,0,0
46.30415,319,996,1369,3863,88,0,0
46.324146,351,1072,1355,4011,83,0,0
46.384148,313,978,1372,3835,89,0,0
46.40415,339,1031,1380,4036,84,0,0
46.42415,337,1058,1390,4024,87,0,0
46.44415,334,1064,1380,3949,88,0,0
46.46415,317,990,1339,3866,86,0,0
46.484146,306,953,1317,3796,86,0,0
46.504147,349,1067,1348,3989,83,0,0
46.524147,334,1054,1386,3972,88,0,0
46.544147,317,984,1353,3921,86,0,0
46.564148,304,948,1325,3824,86,0,0
46.58415,337,1049,1388,4095,85,0,0
46.60415,336,1043,1403,3901,89,0,0
46.62415,331,996,1347,3948,83,0,0
46.684147,334,1057,1392,3862,90,0,0
46.704147,329,1021,1383,3967,87,0,0
46.724148,314,974,1347,3994,84,0,0
46.74415,303,939,1335,3748,88,0,0
46.76415,334,1035,1388,3988,86,0,0
46.78415,331,1027,1385,3976,87,0,0
46.80415,317,978,1355,4010,84,0,0
46.824146,305,966,1332,3832,88,0,0
46.844147,341,1063,1400,4012,87,0,0
46.864147,339,1040,1399,4007,86,0,0
46.884148,327,1006,1378,3870,88,0,0
46.90415,315,981,1354,3900,86,0,0
46.92415,347,1075,1412,4076,86,0,0
46.94415,353,1083,1418,3957,88,0,0
47.004147,333,1036,1369,4049,84,0,0
47.024147,351,1093,1430,4057,88,0,0
47.044147,348,1091,1425,4083,87,0,0
47.064148,337,1059,1398,4015,87,0,0
47.08415,337,1045,1365,3979,85,0,0
47.10415,363,1098,1455,4176,85,0,0
47.12415,370,1101,1453,4136,85,0,0
47.144146,343,1058,1422,4188,84,0,0
47.164146,326,1011,1386,4003,86,0,0
47.184147,365,1082,1458,4193,83,0,0
47.204147,370,1125,1460,4218,85,0,0
47.224148,351,1081,1438,4130,86,0,0
47.24415,335,1039,1428,4043,88,0,0
47.324146,332,1050,1410,3946,90,0,0
47.344147,343,1061,1394,4014,86,0,0
47.364147,356,1101,1448,4154,86,0,0
47.384148,350,1084,1435,4120,86,0,0
47.40415,332,1028,1398,4058,86,0,0
47.42415,323,1000,1390,3937,87,0,0
47.44415,360,1118,1447,4160,86,0,0
47.46415,356,1101,1443,4119,87,0,0
47.484146,339,1050,1438,4059,88,0,0
47.504147,325,1007,1383,3983,86,0,0
47.524147,357,1102,1438,4161,86,0,0
47.544147,354,1107,1436,4134,87,0,0
47.564148,344,1071,1417,4082,86,0,0
47.62415,350,1081,1402,4077,85,0,0
47.644146,345,1068,1420,4088,86,0,0
47.664146,328,1017,1383,3999,86,0,0
47.684147,354,1092,1453,3996,90,0,0
47.704147,353,1093,1432,4080,87,0,0
47.724148,347,1076,1424,4220,84,0,0
47.74415,331,1037,1387,4002,87,0,0
47.76415,350,1088,1400,4029,86,0,0
47.78415,360,1130,1449,4055,89,0,0
47.80415,355,1098,1454,4188,86,0,0
47.824146,339,1051,1402,4068,86,0,0
47.844147,332,1031,1375,3983,86,0,0
47.864147,368,1158,1451,4301,85,0,0
47.884148,360,1113,1445,4157,86,0,0
47.94415,368,1135,1454,4181,86,0,0
47.96415,361,1117,1445,4150,86,0,0
47.984146,345,1061,1413,4130,85,0,0
48.004147,331,1042,1385,4007,87,0,0
48.024147,368,1136,1454,4180,86,0,0
48.044147,368,1136,1454,4302,84,0,0
48.064148,360,1121,1437,4134,87,0,0
48.08415,340,1055,1402,4063,86,0,0
48.10415,355,1101,1410,4062,86,0,0
48.12415,366,1119,1456,4201,85,0,0
48.144146,361,1109,1447,4079,87,0,0
48.164146,345,1113,1417,4067,89,0,0
48.184147,341,1054,1389,3930,87,0,0
48.26415,323,998,1375,3942,86,0,0
48.28415,361,1112,1462,4188,86,0,0
48.324146,340,1074,1415,4087,87,0,0
48.344147,323,1003,1372,4051,84,0,0
48.364147,337,1045,1329,3978,83,0,0
48.384148,347,1080,1428,4131,86,0,0
48.40415,341,1080,1417,4047,88,0,0
48.42415,325,1006,1381,3991,86,0,0
48.44415,319,992,1362,3943,86,0,0
48.46415,352,1086,1438,4188,85,0,0
48.484146,344,1101,1426,4117,88,0,0
48.504147,311,1003,1413,3989,90,0,0
48.564148,333,1028,1394,4033,86,0,0
48.58415,313,984,1367,3846,89,0,0
48.60415,300,934,1327,3906,85,0,0
48.644146,323,996,1379,4104,83,0,0
48.664146,321,973,1368,3994,84,0,0
48.684147,299,924,1324,3813,86,0,0
48.704147,332,1022,1405,3993,87,0,0
48.724148,323,1016,1395,4005,87,0,0
48.74415,312,965,1411,3811,91,0,0
48.76415,296,913,1316,3959,82,0,0
48.78415,325,1000,1363,3950,85,0,0
48.80415,325,1004,1385,4006,86,0,0
48.884148,325,1003,1382,3994,86,0,0
48.90415,319,970,1372,3967,85,0,0
48.94415,333,1057,1400,4005,88,0,0
48.96415,328,989,1398,4009,85,0,0
48.984146,312,965,1355,3919,86,0,0
49.004147,299,923,1321,3831,85,0,0
49.024147,338,1034,1404,4001,86,0,0
49.044147,334,1032,1399,4155,83,0,0
49.064148,317,980,1364,3905,87,0,0
49.08415,304,968,1329,3850,87,0,0
49.10415,347,1048,1404,3975,86,0,0
49.12415,334,1031,1396,4029,86,0,0
49.184147,335,1051,1399,4034,87,0,0
49.204147,329,1028,1388,4036,86,0,0
49.24415,318,1005,1333,3963,85,0,0
49.26415,338,1043,1404,3933,88,0,0
49.28415,331,1016,1389,4005,86,0,0
49.30415,314,971,1350,3898,86,0,0
49.324146,316,1000,1341,3962,85,0,0
49.344147,338,1035,1403,4042,85,0,0
49.364147,331,1054,1412,4117,87,0,0
49.384148,313,965,1347,3889,86,0,0
49.40415,320,988,1338,3852,86,0,0
49.42415,334,1036,1391,4010,86,0,0
49.44415,336,1019,1380,3975,85,0,0
49.504147,333,1015,1402,4007,86,0,0
49.524147,323,1026,1367,3984,87,0,0
49.544147,307,955,1331,3842,86,0,0
49.564148,342,1060,1397,4115,84,0,0
49.58415,337,1054,1393,4004,87,0,0
49.60415,329,1006,1375,3950,86,0,0
49.62415,314,974,1342,3857,86,0,0
49.644146,352,1064,1403,4032,85,0,0
49.664146,344,1076,1399,4070,86,0,0
49.684147,331,1029,1391,3962,87,0,0
49.704147,317,978,1348,3839,87,0,0
49.724148,342,1051,1382,3900,87,0,0
49.74415,342,1061,1417,4124,85,0,0
49.824146,338,1038,1392,4005,86,0,0
49.844147,333,1032,1381,3975,86,0,0
49.864147,317,987,1349,3879,87,0,0
49.884148,342,1051,1355,3963,84,0,0
49.90415,347,1084,1409,4051,87,0,0
49.92415,341,1034,1400,4026,85,0,0
49.94415,327,1015,1371,4062,84,0,0
49.96415,325,993,1353,3970,84,0,0
49.984146,359,1109,1438,4132,86,0,0
50.004147,356,1102,1437,4127,86,0,0
50.024147,342,1072,1417,4076,87,0,0
50.044147,321,1048,1393,3919,91,0,0
50.064148,364,1128,1459,4200,86,0,0
50.12415,335,1058,1402,4033,87,0,0
50.144146,372,1146,1476,4252,86,0,0
50.164146,367,1146,1468,4158,88,0,0
50.184147,350,1083,1438,4160,86,0,0
50.204147,333,1033,1407,4061,86,0,0
50.224148,369,1139,1470,4233,86,0,0
50.24415,366,1133,1463,4230,86,0,0
50.26415,351,1067,1437,4131,85,0,0
50.28415,335,1037,1404,4067,86,0,0
50.30415,363,1115,1450,4233,85,0,0
50.324146,359,1129,1446,4217,86,0,0
50.344147,347,1071,1425,4135,85,0,0
50.364147,329,1040,1385,4069,86,0,0
50.384148,362,1119,1445,4173,86,0,0
50.44415,337,1071,1399,4011,88,0,0
50.46415,362,1123,1403,4159,84,0,0
50.484146,360,1145,1434,4153,87,0,0
50.504147,346,1102,1418,4094,88,0,0
50.524147,329,1023,1378,4003,86,0,0
50.544147,349,1104,1418,4104,87,0,0
50.564148,355,1122,1426,4142,87,0,0
50.58415,347,1115,1418,4095,88,0,0
50.60415,330,1030,1379,4090,84,0,0
50.62415,356,1108,1425,4141,86,0,0
50.644146,344,1112,1423,4057,89,0,0
50.664146,345,1068,1411,3993,88,0,0
50.684147,328,1017,1377,3985,86,0,0
50.76415,333,1039,1384,4120,84,0,0
50.78415,339,1067,1372,3970,87,0,0
50.80415,360,1110,1437,4202,85,0,0
50.824146,354,1094,1426,4128,86,0,0
50.844147,345,1040,1391,4020,84,0,0
50.864147,333,1039,1364,3874,88,0,0
50.884148,356,1100,1429,4182,85,0,0
50.90415,349,1081,1415,4173,84,0,0
50.92415,331,1026,1379,3997,86,0,0
50.94415,325,980,1349,4039,81,0,0
50.96415,360,1111,1431,4160,85,0,0
50.984146,355,1096,1424,4111,86,0,0
51.004147,337,1064,1418,4059,88,0,0
51.064148,353,1064,1412,4245,81,0,0
51.08415,339,1052,1394,4058,85,0,0
51.12415,337,1046,1359,4064,83,0,0
51.144146,353,1060,1410,4069,84,0,0
51.164146,347,1054,1397,4014,85,0,0
51.184147,322,999,1360,3937,86,0,0
51.204147,322,1019,1334,3875,87,0,0
51.224148,353,1115,1418,4127,86,0,0
51.24415,340,1074,1410,4075,87,0,0
51.26415,326,1012,1370,3987,85,0,0
51.28415,308,957,1328,3761,88,0,0
51.30415,343,1079,1362,3970,86,0,0
51.324146,337,1065,1377,4024,86,0,0
51.384148,334,1034,1365,3942,86,0,0
51.40415,333,1033,1357,3928,86,0,0
51.42415,319,989,1343,3927,85,0,0
51.44415,301,928,1305,3852,84,0,0
51.46415,335,1041,1374,3953,86,0,0
51.484146,332,1027,1409,3948,88,0,0
51.504147,320,992,1340,3991,83,0,0
51.524147,308,977,1330,3882,87,0,0
51.544147,343,1077,1400,4192,84,0,0
51.564148,345,1098,1402,4146,86,0,0
51.58415,328,1049,1387,3981,88,0,0
51.60415,319,1029,1353,4023,86,0,0
51.62415,349,1080,1395,4069,85,0,0
51.704147,343,1100,1374,3973,88,0,0
51.724148,347,1056,1378,3999,84,0,0
51.74415,331,1030,1363,3950,86,0,0
51.76415,314,980,1342,3972,84,0,0
51.78415,332,1032,1339,3984,84,0,0
51.80415,343,1067,1391,4010,86,0,0
51.824146,337,1051,1399,4004,87,0,0
51.844147,322,974,1341,3878,84,0,0
51.864147,310,956,1308,3790,85,0,0
51.884148,346,1074,1388,3957,87,0,0
51.90415,341,1060,1387,4092,84,0,0
51.92415,324,1007,1349,3890,86,0,0
51.94415,308,960,1315,3797,86,0,0
52.004147,330,1023,1360,3910,86,0,0
52.024147,315,978,1331,3829,86,0,0
52.044147,299,958,1299,3778,87,0,0
52.064148,336,1039,1371,3944,86,0,0
52.08415,331,1044,1368,3888,88,0,0
52.10415,315,960,1360,3895,86,0,0
52.12415,299,930,1299,3639,89,0,0
52.144146,306,949,1286,3736,86,0,0
52.164146,332,1026,1418,3963,88,0,0
52.184147,326,1020,1396,3913,89,0,0
52.204147,308,955,1322,3858,85,0,0
52.224148,293,908,1292,3730,86,0,0
52.24415,311,965,1288,3771,85,0,0
52.26415,322,1015,1312,4043,82,0,0
52.324146,286,890,1282,3849,83,0,0
52.344147,327,990,1357,3923,84,0,0
52.364147,318,979,1348,3896,85,0,0
52.384148,304,944,1329,3947,84,0,0
52.40415,293,898,1298,3762,85,0,0
52.42415,332,1024,1381,3990,86,0,0
52.44415,333,1032,1391,4062,85,0,0
52.46415,324,1002,1375,3983,86,0,0
52.484146,310,959,1346,3906,85,0,0
52.504147,341,1087,1402,4113,86,0,0
52.524147,342,1056,1413,4087,86,0,0
52.544147,334,1006,1403,4102,83,0,0
52.564148,317,983,1364,3872,87,0,0
52.58415,325,1020,1362,3934,87,0,0
52.664146,335,1038,1377,3980,86,0,0
52.684147,342,1065,1411,4108,86,0,0
52.704147,338,1042,1414,4045,86,0,0
52.724148,322,1038,1377,3984,88,0,0
52.74415,319,984,1349,3907,85,0,0
52.76415,353,1092,1437,4238,84,0,0
52.78415,348,1078,1429,4110,86,0,0
52.80415,331,1045,1396,4027,87,0,0
52.824146,319,963,1366,3941,84,0,0
52.844147,351,1088,1431,4141,86,0,0
52.864147,351,1084,1431,4156,85,0,0
52.884148,330,1084,1417,4021,90,0,0
52.90415,325,1032,1383,3988,88,0,0
52.984146,324,1002,1375,4020,85,0,0
53.004147,313,975,1344,3878,86,0,0
53.024147,366,1090,1462,4125,85,0,0
53.044147,347,1110,1422,4097,88,0,0
53.064148,335,1027,1391,4006,86,0,0
53.08415,314,986,1361,3924,87,0,0
53.10415,350,1110,1431,4094,88,0,0
53.12415,348,1076,1420,4090,86,0,0
53.144146,334,1036,1397,4021,86,0,0
53.164146,310,987,1371,4000,87,0,0
53.184147,342,1073,1397,4013,87,0,0
53.204147,341,1038,1411,4066,85,0,0
53.224148,338,1071,1431,4074,88,0,0
53.24415,318,989,1363,3938,86,0,0
53.30415,338,1068,1445,4191,87,0,0
53.324146,321,989,1372,3958,86,0,0
53.344147,343,1056,1393,3973,87,0,0
53.364147,350,1081,1431,4114,86,0,0
53.384148,343,1052,1417,4129,85,0,0
53.40415,325,1028,1380,4056,86,0,0
53.42415,329,1023,1364,3974,85,0,0
53.44415,350,1065,1393,4239,80,0,0
53.46415,345,1071,1425,4103,86,0,0
53.484146,330,1026,1391,4017,86,0,0
53.504147,343,1056,1450,4046,88,0,0
53.524147,350,1085,1441,4146,86,0,0
53.544147,346,1069,1429,4013,88,0,0
53.564148,332,1019,1391,3938,87,0,0
53.62415,360,1073,1441,4161,83,0,0
53.644146,336,1063,1430,4090,88,0,0
53.664146,332,1049,1382,3911,89,0,0
53.684147,361,1116,1455,4170,86,0,0
53.704147,356,1095,1451,4125,87,0,0
53.724148,347,1072,1423,4212,84,0,0
53.74415,340,1033,1370,4007,84,0,0
53.76415,362,1120,1459,4205,86,0,0
53.78415,356,1101,1450,4172,86,0,0
53.80415,340,1053,1460,4086,88,0,0
53.824146,329,1017,1385,4005,86,0,0
53.844147,366,1111,1459,4195,85,0,0
53.864147,363,1139,1458,4316,85,0,0
53.884148,347,1049,1426,4113,84,0,0
53.96415,355,1132,1466,4155,89,0,0
53.984146,340,1073,1409,4067,87,0,0
54.004147,327,1016,1375,4063,84,0,0
54.024147,368,1136,1448,4180,86,0,0
54.044147,358,1109,1438,4090,87,0,0
54.064148,341,1057,1432,4071,87,0,0
54.08415,327,1032,1376,3990,87,0,0
54.10415,355,1096,1417,4143,85,0,0
54.12415,356,1083,1455,4162,86,0,0
54.144146,349,1106,1425,4066,88,0,0
54.164146,331,1058,1373,4007,87,0,0
54.184147,314,977,1351,3741,89,0,0
54.204147,351,1085,1421,4137,85,0,0
54.224148,348,1077,1414,4080,86,0,0
54.28415,338,1033,1376,3987,85,0,0
54.30415,338,1036,1408,4046,86,0,0
54.324146,345,1029,1389,4012,83,0,0
54.344147,314,992,1347,3898,87,0,0
54.364147,308,964,1332,3880,86,0,0
54.384148,345,1067,1408,4033,86,0,0
54.40415,342,1070,1402,4149,85,0,0
54.42415,329,1005,1323,3963,82,0,0
54.44415,310,980,1342,3894,87,0,0
54.46415,344,1059,1404,3974,87,0,0
54.484146,341,1055,1400,3991,87,0,0
54.504147,344,1023,1386,4004,83,0,0
54.524147,316,992,1348,3887,87,0,0
54.544147,332,1027,1359,3878,87,0,0
54.62415,339,1046,1422,4027,87,0,0
54.644146,339,1073,1395,4018,87,0,0
54.664146,332,1035,1381,3978,87,0,0
54.684147,316,961,1345,3872,85,0,0
54.704147,341,1046,1377,3861,88,0,0
54.724148,344,1060,1414,4008,87,0,0
54.74415,345,1038,1381,3977,84,0,0
54.76415,321,992,1348,3875,86,0,0
54.78415,340,1058,1368,3931,87,0,0
54.80415,342,1062,1391,4047,85,0,0
54.824146,338,1043,1379,3959,86,0,0
54.844147,323,1000,1347,3932,85,0,0
54.864147,347,1070,1388,4066,84,0,0
54.884148,345,1066,1386,3968,86,0,0
54.94415,342,1074,1363,3897,88,0,0
54.96415,349,1097,1396,4046,87,0,0
54.984146,343,1059,1383,3884,88,0,0
55.004147,327,1014,1350,3997,84,0,0
55.024147,312,970,1319,3716,88,0,0
55.044147,345,1082,1379,3956,87,0,0
55.064148,345,1066,1378,3996,85,0,0
55.08415,334,1075,1362,3900,89,0,0
55.10415,320,992,1362,3893,87,0,0
55.12415,328,1046,1351,3872,88,0,0
55.144146,342,1057,1376,3944,86,0,0
55.164146,336,1068,1365,3914,88,0,0
55.184147,319,986,1327,3855,85,0,0
55.204147,305,960,1297,3737,87,0,0
55.26415,328,1001,1345,3920,84,0,0
55.28415,310,961,1310,3815,85,0,0
55.30415,307,953,1306,3694,88,0,0
55.324146,333,1056,1361,3912,88,0,0
55.344147,328,1036,1350,3876,88,0,0
55.364147,309,962,1313,3833,85,0,0
55.384148,300,930,1280,3699,86,0,0
55.40415,334,1039,1406,3819,91,0,0
55.42415,328,1015,1367,3947,86,0,0
55.44415,310,980,1316,3795,87,0,0
55.46415,296,945,1284,3762,87,0,0
55.484146,328,1017,1342,3928,85,0,0
55.504147,328,1014,1351,3884,86,0,0
55.524147,319,994,1335,3837,87,0,0
55.60415,320,993,1341,3819,87,0,0
55.62415,312,982,1343,3759,89,0,0
55.644146,312,965,1264,3726,84,0,0
55.664146,328,1040,1358,3890,88,0,0
55.684147,322,1007,1381,3867,89,0,0
55.704147,306,979,1312,3776,88,0,0
55.724148,299,925,1287,3674,87,0,0
55.74415,348,1110,1395,3994,88,0,0
55.76415,360,1087,1433,4076,86,0,0
55.78415,355,1087,1437,4063,87,0,0
55.80415,345,1058,1441,4006,88,0,0
55.824146,374,1111,1466,4212,84,0,0
55.844147,378,1165,1480,4210,87,0,0
55.864147,377,1166,1479,4312,85,0,0
55.92415,367,1145,1456,4147,87,0,0
55.94415,371,1123,1440,4136,85,0,0
55.96415,339,1092,1400,4098,87,0,0
55.984146,334,1066,1362,3967,87,0,0
56.004147,370,1155,1453,4165,87,0,0
56.024147,366,1138,1466,4329,84,0,0
56.044147,347,1082,1431,4065,88,0,0
56.064148,333,1033,1373,3991,86,0,0
56.08415,360,1122,1422,4118,86,0,0
56.10415,359,1115,1452,4113,88,0,0
56.12415,349,1081,1411,4081,86,0,0
56.144146,331,1043,1373,3977,87,0,0
56.164146,334,1060,1342,3892,87,0,0
56.184147,349,1090,1416,4091,86,0,0
56.24415,315,964,1332,3860,85,0,0
56.26415,359,1098,1417,4258,82,0,0
56.28415,348,1078,1406,3978,88,0,0
56.30415,330,1024,1374,3982,86,0,0
56.324146,316,975,1344,3892,85,0,0
56.344147,348,1089,1405,4050,87,0,0
56.364147,346,1077,1405,4053,86,0,0
56.384148,336,1037,1422,4157,85,0,0
56.40415,318,986,1352,3910,86,0,0
56.42415,307,946,1319,3827,85,0,0
56.44415,342,1060,1402,4039,86,0,0
56.46415,343,1046,1393,4027,85,0,0
56.484146,320,989,1361,3929,86,0,0
56.504147,305,948,1328,3804,87,0,0
56.564148,323,1016,1368,3960,87,0,0
56.58415,314,950,1334,3759,86,0,0
56.60415,338,1048,1381,4009,86,0,0
56.62415,339,1053,1397,4075,85,0,0
56.644146,332,1035,1387,4005,86,0,0
56.664146,313,985,1347,3896,87,0,0
56.684147,302,959,1318,3818,87,0,0
56.704147,340,1051,1378,4183,82,0,0
56.724148,336,1032,1394,4184,82,0,0
56.74415,320,1022,1360,4083,85,0,0
56.76415,306,949,1330,3850,86,0,0
56.78415,340,1059,1404,4058,86,0,0
56.80415,335,1048,1392,4029,86,0,0
56.824146,318,990,1359,3937,86,0,0
56.90415,328,995,1383,3977,85,0,0
56.92415,312,1013,1352,3912,88,0,0
56.94415,345,1067,1410,4041,86,0,0
56.984146,334,1053,1395,4020,87,0,0
57.004147,321,994,1366,3884,87,0,0
57.024147,348,1075,1414,4163,84,0,0
57.044147,344,1064,1407,4056,86,0,0
57.064148,335,1029,1397,3984,86,0,0
57.08415,320,1022,1362,3932,88,0,0
57.10415,350,1080,1412,4124,85,0,0
57.12415,351,1083,1424,4089,86,0,0
57.144146,344,1078,1412,4089,86,0,0
57.164146,328,1042,1378,4047,86,0,0
57.224148,348,1078,1401,4135,84,0,0
57.24415,332,1029,1384,4056,85,0,0
57.26415,318,976,1355,3902,86,0,0
57.28415,348,1076,1413,4198,84,0,0
57.30415,345,1066,1407,3989,87,0,0
57.324146,333,1065,1388,3985,88,0,0
57.344147,319,995,1359,3906,87,0,0
57.364147,347,1068,1403,4122,84,0,0
57.40415,338,1012,1399,4023,84,0,0
57.42415,322,999,1363,3987,85,0,0
57.44415,313,968,1333,3847,86,0,0
57.46415,348,1094,1418,4070,87,0,0
57.484146,343,1068,1409,4047,87,0,0
57.544147,335,1036,1381,3962,86,0,0
57.564148,334,1030,1399,4000,86,0,0
57.58415,327,1023,1384,3990,87,0,0
57.60415,310,972,1343,3878,87,0,0
57.62415,330,1019,1369,3946,86,0,0
57.644146,338,1015,1385,3995,84,0,0
57.664146,332,993,1369,3964,83,0,0
57.684147,305,959,1331,3851,87,0,0
57.704147,299,945,1305,3795,87,0,0
57.724148,330,1041,1370,4024,86,0,0
57.74415,330,989,1385,3991,84,0,0
57.76415,313,968,1352,3937,85,0,0
57.78415,300,945,1324,3905,85,0,0
57.80415,329,1029,1389,3994,87,0,0
57.864147,310,951,1337,3974,83,0,0
57.884148,336,1045,1397,4150,84,0,0
57.90415,331,1020,1387,3982,86,0,0
57.92415,316,992,1352,3901,87,0,0
57.94415,306,945,1309,3832,85,0,0
57.96415,343,1050,1402,4162,83,0,0
57.984146,340,1081,1398,4017,88,0,0
58.004147,338,1035,1372,4000,84,0,0
58.024147,312,965,1345,3874,86,0,0
58.044147,343,1073,1401,4024,87,0,0
58.064148,344,1062,1401,4020,86,0,0
58.08415,332,1025,1371,3986,85,0,0
58.10415,320,986,1368,3864,87,0,0
58.12415,341,1064,1389,4026,86,0,0
58.184147,317,980,1391,3873,89,0,0
58.204147,316,981,1323,3842,86,0,0
58.224148,353,1072,1417,3952,88,0,0
58.24415,340,1048,1395,3988,86,0,0
58.26415,325,1011,1360,3967,85,0,0
58.28415,311,971,1332,3835,87,0,0
58.30415,332,999,1352,3894,84,0,0
58.324146,337,1037,1385,3975,86,0,0
58.344147,332,1047,1372,3942,87,0,0
58.364147,311,974,1338,3854,87,0,0
58.384148,300,928,1256,3878,80,0,0
58.40415,332,1048,1369,4025,86,0,0
58.42415,328,1012,1363,3921,86,0,0
58.44415,313,992,1335,3856,87,0,0
58.504147,328,1012,1371,3924,86,0,0
58.524147,315,1011,1358,3912,88,0,0
58.544147,305,945,1320,3809,86,0,0
58.564148,290,896,1291,3775,85,0,0
58.58415,325,973,1356,3880,85,0,0
58.60415,327,988,1349,3924,84,0,0
58.62415,309,956,1332,3902,85,0,0
58.644146,295,889,1295,3646,86,0,0
58.664146,308,948,1301,3756,86,0,0
58.684147,314,969,1329,3874,85,0,0
58.704147,310,970,1336,3845,87,0,0
58.724148,294,901,1301,3811,84,0,0
58.74415,308,961,1306,3823,85,0,0
58.80415,294,928,1323,3747,89,0,0
58.824146,287,878,1272,3681,85,0,0
58.864147,318,978,1342,3960,84,0,0
58.90415,289,894,1284,3877,82,0,0
58.92415,327,993,1361,3923,85,0,0
58.94415,320,1015,1357,3907,88,0,0
58.96415,307,978,1327,3863,87,0,0
59.004147,328,1000,1372,3944,85,0,0
59.024147,322,999,1363,3882,87,0,0
59.044147,308,979,1335,3829,88,0,0
59.064148,298,939,1310,3752,88,0,0
59.12415,323,998,1368,3994,85,0,0
59.144146,310,960,1341,3866,86,0,0
59.164146,340,1061,1396,4010,87,0,0
59.184147,343,1051,1396,4003,86,0,0
59.204147,330,1015,1384,4021,85,0,0
59.224148,307,970,1352,3998,85,0,0
59.24415,335,1068,1356,3975,86,0,0
59.26415,334,1036,1388,3982,87,0,0
59.28415,327,1041,1376,3931,88,0,0
59.30415,311,964,1338,3849,86,0,0
59.324146,287,922,1306,3767,88,0,0
59.344147,338,1055,1393,4106,85,0,0
59.364147,337,1066,1386,3989,87,0,0
59.44415,334,1034,1392,3992,86,0,0
59.46415,335,1040,1381,4074,84,0,0
59.484146,314,984,1346,3966,85,0,0
59.504147,297,946,1314,3790,88,0,0
59.524147,337,1051,1393,4040,86,0,0
59.544147,333,1069,1387,3981,88,0,0
59.564148,329,976,1351,3925,83,0,0
59.58415,303,936,1325,3820,86,0,0
59.60415,337,1058,1388,4102,85,0,0
59.62415,336,1039,1391,4134,83,0,0
59.644146,325,1009,1377,4056,84,0,0
59.664146,311,976,1345,3964,85,0,0
59.684147,325,1008,1349,3934,85,0,0
59.74415,314,971,1351,3762,89,0,0
59.76415,324,1003,1345,3890,86,0,0
59.78415,335,1036,1397,3999,87,0,0
59.80415,330,1019,1405,3968,88,0,0
59.824146,316,973,1344,3908,85,0,0
59.844147,302,954,1317,3811,87,0,0
59.864147,341,1053,1397,4007,86,0,0
59.884148,337,1042,1411,4068,86,0,0
59.90415,321,1002,1363,3915,87,0,0
59.92415,311,936,1338,3853,84,0,0
59.94415,340,1022,1396,4002,85,0,0
59.96415,340,1058,1394,4004,87,0,0
59.984146,329,1020,1379,3960,86,0,0
60.004147,317,994,1354,3904,87,0,0
60.064148,334,1052,1386,3979,87,0,0
60.10415,320,988,1333,3807,87,0,0
60.12415,349,1077,1412,4092,85,0,0
60.144146,345,1041,1403,3954,86,0,0
60.164146,329,1024,1373,3922,87,0,0
60.184147,325,997,1347,3838,86,0,0
60.204147,342,1044,1387,4028,85,0,0
60.224148,343,1079,1399,4013,87,0,0
60.24415,336,1030,1389,3929,87,0,0
60.26415,322,996,1357,3905,86,0,0
60.28415,319,988,1329,3793,87,0,0
60.30415,348,1090,1406,4028,87,0,0
60.364147,309,965,1329,3836,86,0,0
60.384148,328,1027,1343,3944,85,0,0
60.40415,338,1044,1390,4060,85,0,0
60.42415,332,1024,1374,4040,84,0,0
60.44415,314,970,1338,3891,85,0,0
60.46415,300,927,1308,3840,84,0,0
60.484146,338,1035,1360,3929,85,0,0
60.504147,326,1008,1360,3914,86,0,0
60.524147,318,1028,1349,3918,88,0,0
60.544147,303,960,1337,3794,89,0,0
60.564148,322,1018,1333,3855,87,0,0
60.58415,335,1018,1366,3930,85,0,0
60.60415,319,988,1353,3902,86,0,0
60.62415,303,954,1316,3835,86,0,0
60.684147,327,1008,1366,3932,86,0,0
60.704147,314,991,1342,3868,87,0,0
60.724148,310,927,1311,3767,84,0,0
60.74415,331,1014,1343,3891,85,0,0
60.76415,326,1015,1366,3921,87,0,0
60.78415,319,1002,1353,3893,87,0,0
60.80415,306,943,1325,3836,85,0,0
60.824146,330,1031,1366,3929,87,0,0
60.844147,333,1004,1361,3909,85,0,0
60.864147,326,980,1347,3939,83,0,0
60.884148,302,937,1312,3834,85,0,0
60.90415,334,1028,1374,3936,86,0,0
60.92415,335,1068,1375,3932,88,0,0
61.004147,339,1043,1377,3946,86,0,0
61.024147,329,1032,1364,3902,87,0,0
61.044147,317,977,1336,3832,86,0,0
61.064148,351,1089,1407,3920,89,0,0
61.08415,342,1063,1346,3982,84,0,0
61.10415,324,1047,1357,3889,89,0,0
61.12415,317,992,1332,3823,87,0,0
61.144146,349,1079,1390,3962,87,0,0
61.164146,351,1098,1389,4014,86,0,0
61.184147,340,1051,1374,3929,87,0,0
61.204147,327,986,1347,3911,84,0,0
61.224148,346,1067,1366,3920,86,0,0
61.24415,351,1083,1389,4064,85,0,0
61.30415,319,967,1371,3781,88,0,0
61.324146,352,1088,1381,3936,87,0,0
61.344147,346,1093,1374,3898,88,0,0
61.364147,332,1017,1344,3882,85,0,0
61.384148,318,994,1318,3769,87,0,0
61.40415,338,1056,1336,3861,86,0,0
61.42415,346,1049,1371,3910,86,0,0
61.44415,340,1044,1359,3873,86,0,0
61.46415,323,1002,1326,3834,86,0,0
61.484146,308,955,1306,3714,87,0,0
61.504147,340,1049,1354,3860,87,0,0
61.524147,337,1053,1348,3847,87,0,0
61.544147,332,1006,1338,3799,86,0,0
61.564148,311,961,1297,3717,86,0,0
61.62415,317,1009,1329,3862,87,0,0
61.644146,311,962,1295,3702,87,0,0
61.664146,309,962,1268,3644,87,0,0
61.684147,337,1061,1349,3851,88,0,0
61.704147,331,1002,1339,3827,85,0,0
61.724148,314,985,1307,3813,86,0,0
61.74415,299,911,1276,3780,83,0,0
61.76415,330,1034,1345,3758,89,0,0
61.78415,328,1029,1325,3800,87,0,0
61.80415,313,966,1304,3763,86,0,0
61.824146,306,918,1271,3649,84,0,0
61.844147,330,1040,1332,3806,88,0,0
61.864147,329,1009,1325,3791,86,0,0
61.92415,326,1005,1318,3766,86,0,0
61.94415,325,1005,1324,3795,86,0,0
61.96415,317,1010,1313,3876,86,0,0
61.984146,312,926,1278,3663,84,0,0
62.004147,332,999,1295,3756,84,0,0
62.024147,322,997,1326,3820,86,0,0
62.044147,318,984,1315,3763,87,0,0
62.064148,302,935,1278,3805,83,0,0
62.08415,329,1016,1327,3788,87,0,0
62.10415,327,1012,1328,3799,87,0,0
62.12415,319,986,1317,3754,87,0,0
62.144146,314,937,1282,3674,84,0,0
62.164146,332,1023,1333,3872,85,0,0
62.184147,331,1021,1336,3810,87,0,0
62.24415,330,1046,1323,3773,88,0,0
62.26415,328,1031,1330,3799,88,0,0
62.28415,321,1006,1320,3758,88,0,0
62.30415,306,920,1289,3684,85,0,0
62.324146,332,1009,1334,3803,86,0,0
62.344147,329,1042,1329,3771,89,0,0
62.364147,329,990,1317,3771,85,0,0
62.384148,305,943,1286,3771,85,0,0
62.40415,337,1038,1342,3886,85,0,0
62.44415,331,1061,1343,3835,89,0,0
62.46415,315,982,1310,3745,87,0,0
62.484146,326,1019,1307,3734,87,0,0
62.544147,321,986,1327,3802,86,0,0
62.564148,321,969,1307,3755,85,0,0
62.58415,342,1053,1369,3995,85,0,0
62.60415,335,1036,1356,3983,84,0,0
62.62415,317,982,1320,3739,87,0,0
62.644146,309,944,1313,3678,88,0,0
62.664146,346,1076,1375,4032,85,0,0
62.684147,347,1016,1368,3909,83,0,0
62.704147,325,1018,1337,3831,87,0,0
62.724148,311,992,1309,3759,88,0,0
62.74415,347,1081,1369,3903,87,0,0
62.76415,340,1052,1388,3798,90,0,0
62.78415,329,1020,1348,3868,87,0,0
62.80415,313,969,1326,3763,87,0,0
62.864147,328,1004,1346,3863,86,0,0
62.884148,321,963,1308,3758,84,0,0
62.90415,298,939,1280,3717,87,0,0
62.92415,337,1068,1361,3891,88,0,0
62.94415,331,1024,1354,3948,85,0,0
62.96415,313,968,1319,3791,86,0,0
62.984146,301,925,1291,3713,86,0,0
63.004147,335,1014,1362,3908,85,0,0
63.024147,331,1065,1355,3888,89,0,0
63.044147,318,987,1330,3826,86,0,0
63.064148,303,934,1299,3773,85,0,0
63.08415,328,1023,1361,3988,85,0,0
63.10415,326,1003,1346,3950,84,0,0
63.12415,320,984,1339,3845,86,0,0
63.184147,324,998,1349,3857,86,0,0
63.204147,318,975,1338,3852,86,0,0
63.224148,301,932,1302,3709,87,0,0
63.24415,318,981,1310,3769,86,0,0
63.26415,330,1016,1382,4005,85,0,0
63.28415,326,1019,1356,3892,87,0,0
63.30415,309,939,1343,3812,86,0,0
63.324146,294,938,1290,3715,88,0,0
63.344147,332,1019,1361,3925,85,0,0
63.364147,328,1010,1356,3905,86,0,0
63.384148,313,964,1328,3926,84,0,0
63.40415,299,913,1301,3746,85,0,0
63.42415,329,1014,1358,3904,86,0,0
63.504147,328,988,1355,4024,82,0,0
63.524147,325,983,1351,3872,85,0,0
63.544147,324,972,1330,3826,84,0,0
63.564148,299,927,1295,3731,86,0,0
63.58415,318,981,1312,3738,87,0,0
63.60415,323,1012,1371,3867,88,0,0
63.62415,317,976,1331,3826,86,0,0
63.644146,300,927,1297,3764,85,0,0
63.664146,305,940,1281,3677,86,0,0
63.684147,320,984,1341,3840,86,0,0
63.704147,315,971,1298,3719,86,0,0
63.724148,301,923,1293,3714,86,0,0
63.74415,317,997,1308,3759,87,0,0
63.80415,301,927,1307,3663,88,0,0
63.824146,315,978,1301,3731,87,0,0
63.844147,320,1009,1352,3876,88,0,0
63.864147,322,1019,1336,3931,86,0,0
63.884148,306,943,1301,3733,86,0,0
63.90415,306,945,1301,3756,86,0,0
63.92415,342,994,1346,3915,81,0,0
63.94415,324,1024,1335,3903,86,0,0
63.96415,308,951,1301,3754,86,0,0
63.984146,313,966,1288,3703,86,0,0
64.00415,328,984,1372,3849,86,0,0
64.02415,322,978,1347,3885,85,0,0
64.04415,305,970,1293,3713,88,0,0
64.06415,296,913,1267,3656,86,0,0
64.124146,310,992,1304,3738,88,0,0
64.14415,296,915,1276,3607,88,0,0
64.16415,328,1013,1338,3828,87,0,0
64.18415,325,1003,1328,3871,85,0,0
64.20415,313,966,1321,3744,87,0,0
64.22415,298,940,1278,3667,88,0,0
64.24415,332,1009,1331,3795,86,0,0
64.264145,320,1016,1318,3775,88,0,0
64.28415,308,962,1300,3791,86,0,0
64.304146,293,932,1235,3669,85,0,0
64.32415,323,1023,1316,3801,87,0,0
64.34415,319,998,1325,3803,87,0,0
64.36415,315,974,1313,3751,87,0,0
64.38415,299,923,1320,3660,89,0,0
64.444145,316,974,1311,3759,86,0,0
64.46415,299,922,1280,3661,86,0,0
64.484146,287,887,1226,3629,84,0,0
64.50415,309,986,1322,3785,88,0,0
64.52415,316,978,1315,3765,87,0,0
64.54415,303,907,1287,3683,84,0,0
64.56415,287,868,1261,3533,87,0,0
64.584145,324,1006,1336,3901,85,0,0
64.60415,323,994,1334,3819,86,0,0
64.624146,309,954,1310,3800,85,0,0
64.64415,294,927,1277,3663,88,0,0
64.66415,313,974,1296,3714,87,0,0
64.68415,318,984,1332,3813,87,0,0
64.74415,299,916,1237,3571,85,0,0
64.764145,323,968,1325,3808,84,0,0
64.78415,310,967,1314,3759,87,0,0
64.804146,295,909,1279,3701,85,0,0
64.82415,309,953,1276,3659,86,0,0
64.84415,318,992,1332,3815,87,0,0
64.86415,313,966,1318,3832,85,0,0
64.88415,297,936,1284,3602,89,0,0
64.904144,299,921,1264,3626,86,0,0
64.92415,328,1002,1340,3837,86,0,0
64.944145,321,989,1334,3813,86,0,0
64.96415,305,941,1303,3727,86,0,0
64.984146,296,899,1274,3638,86,0,0
65.00415,320,1024,1337,3761,90,0,0
65.06415,300,925,1291,3708,86,0,0
65.084145,321,992,1321,3780,87,0,0
65.10415,320,997,1333,3811,87,0,0
65.124146,316,978,1328,3797,87,0,0
65.14415,304,945,1326,3702,89,0,0
65.16415,309,945,1290,3700,86,0,0
65.18415,336,1026,1373,3913,86,0,0
65.20415,333,1023,1367,3995,84,0,0
65.22415,313,980,1350,3820,88,0,0
65.24415,304,936,1310,3765,86,0,0
65.264145,338,1048,1377,3983,86,0,0
65.28415,338,1041,1376,3968,86,0,0
65.304146,342,1029,1380,3942,85,0,0
65.32415,319,1018,1349,3840,89,0,0
65.38415,340,1057,1394,3997,87,0,0
65.404144,326,1005,1368,3911,86,0,0
65.42415,338,1061,1371,3987,86,0,0
65.444145,367,1091,1428,4230,81,0,0
65.46415,350,1074,1423,4260,82,0,0
65.484146,326,1029,1385,3981,87,0,0
65.50415,318,986,1352,3914,86,0,0
65.52415,362,1125,1425,4215,84,0,0
65.54415,349,1080,1417,4052,87,0,0
65.56415,333,1029,1376,3988,86,0,0
65.584145,318,985,1347,3942,85,0,0
65.60415,346,1072,1451,4116,87,0,0
65.624146,344,1064,1379,4103,83,0,0
65.68415,347,1107,1410,4078,88,0,0
65.70415,343,1056,1407,4082,85,0,0
65.72415,333,1033,1389,4015,86,0,0
65.74415,319,1000,1361,3931,87,0,0
65.764145,348,1066,1406,4054,85,0,0
65.78415,343,1078,1424,4037,88,0,0
65.82415,327,1012,1378,3982,86,0,0
65.84415,318,1031,1357,3925,88,0,0
65.86415,353,1091,1430,4296,83,0,0
65.88415,348,1078,1443,4113,87,0,0
65.904144,333,1027,1390,4021,86,0,0
65.92415,322,999,1362,4045,84,0,0
65.944145,351,1104,1427,4125,87,0,0
66.00415,316,980,1358,3880,87,0,0
66.02415,351,1081,1427,4126,85,0,0
66.04415,351,1077,1400,4252,81,0,0
66.06415,339,1050,1408,4069,86,0,0
66.084145,323,1002,1375,3981,86,0,0
66.10415,341,1083,1385,3984,88,0,0
66.124146,348,1065,1436,4094,86,0,0
66.14415,345,1042,1414,4089,84,0,0
66.16415,334,1021,1382,4062,84,0,0
66.18415,323,983,1351,4041,82,0,0
66.20415,347,1090,1419,4103,87,0,0
66.22415,341,1057,1409,4078,86,0,0
66.24415,326,1008,1377,4025,85,0,0
66.32415,339,1039,1406,4062,85,0,0
66.34415,328,1021,1372,3983,86,0,0
66.36415,344,1041,1390,3943,86,0,0
66.38415,346,1087,1419,4095,87,0,0
66.404144,342,1052,1423,4060,86,0,0
66.42415,327,1009,1373,3988,85,0,0
66.444145,320,991,1350,3920,85,0,0
66.46415,351,1072,1420,4064,86,0,0
66.484146,343,1060,1412,4112,85,0,0
66.50415,327,1045,1381,3993,88,0,0
66.52415,326,1001,1353,3913,85,0,0
66.54415,351,1079,1482,4042,90,0,0
66.56415,346,1068,1417,4089,86,0,0
66.624146,350,1075,1421,4099,86,0,0
66.64415,348,1072,1383,4149,82,0,0
66.66415,335,1057,1396,4031,87,0,0
66.68415,320,988,1366,3950,86,0,0
66.70415,332,1024,1362,3894,86,0,0
66.72415,343,1063,1413,3987,88,0,0
66.74415,338,1041,1403,4047,86,0,0
66.764145,323,995,1368,4020,84,0,0
66.78415,319,990,1344,3997,84,0,0
66.804146,335,1043,1389,4008,86,0,0
66.82415,326,1025,1368,3947,87,0,0
66.84415,308,949,1324,3872,85,0,0
66.86415,299,909,1293,3744,85,0,0
66.88415,332,1023,1368,3921,86,0,0
66.944145,297,890,1294,3744,84,0,0
66.96415,329,1017,1357,4071,83,0,0
66.984146,314,1041,1347,3889,90,0,0
67.00415,313,967,1323,3825,86,0,0
67.02415,307,923,1292,3738,84,0,0
67.04415,327,1007,1349,3885,86,0,0
67.06415,322,995,1338,3894,85,0,0
67.084145,307,950,1308,3827,85,0,0
67.10415,294,900,1276,3690,85,0,0
67.124146,330,1020,1348,3864,86,0,0
67.14415,327,1040,1342,3811,89,0,0
67.16415,313,976,1317,3739,88,0,0
67.18415,300,915,1287,3770,84,0,0
67.264145,303,942,1310,3796,86,0,0
67.28415,313,984,1291,3705,87,0,0
67.304146,324,1026,1336,3758,89,0,0
67.32415,315,1025,1325,3812,89,0,0
67.34415,307,981,1294,3724,88,0,0
67.36415,316,1011,1293,3724,88,0,0
67.38415,328,1001,1357,3883,86,0,0
67.404144,322,996,1326,3978,83,0,0
67.42415,306,915,1293,3725,84,0,0
67.444145,297,955,1272,3684,88,0,0
67.46415,332,1025,1346,3848,87,0,0
67.484146,327,999,1334,3873,85,0,0
67.50415,312,967,1305,3790,86,0,0
67.56415,328,1010,1331,3821,86,0,0
67.584145,316,981,1314,3770,87,0,0
67.60415,303,917,1288,3698,85,0,0
67.624146,319,999,1303,3836,85,0,0
67.64415,319,993,1324,3795,87,0,0
67.66415,314,969,1333,3765,87,0,0
67.68415,299,924,1283,3731,85,0,0
67.70415,311,989,1281,3659,88,0,0
67.72415,323,999,1338,3732,89,0,0
67.74415,324,984,1360,3862,86,0,0
67.764145,307,936,1292,3679,86,0,0
67.78415,293,894,1265,3643,85,0,0
67.804146,324,998,1332,3826,86,0,0
67.82415,322,993,1331,3815,86,0,0
67.88415,286,882,1250,3605,86,0,0
67.904144,320,995,1329,3814,87,0,0
67.92415,316,991,1322,3801,87,0,0
67.944145,301,929,1296,3717,86,0,0
67.96415,293,914,1271,3730,85,0,0
67.984146,314,977,1318,3919,84,0,0
68.00415,310,957,1308,3764,86,0,0
68.02415,300,926,1296,3729,86,0,0
68.04415,285,880,1260,3721,84,0,0
68.06415,280,886,1235,3639,86,0,0
68.084145,314,970,1323,3813,86,0,0
68.10415,311,960,1319,3792,86,0,0
68.124146,287,915,1290,3713,88,0,0
68.20415,311,958,1327,3816,86,0,0
68.22415,311,937,1322,3795,85,0,0
68.24415,296,956,1330,3805,89,0,0
68.264145,348,1048,1421,4083,85,0,0
68.28415,348,1050,1420,4170,83,0,0
68.304146,331,1008,1393,3989,86,0,0
68.32415,317,975,1365,3926,86,0,0
68.34415,355,1086,1448,4104,87,0,0
68.36415,354,1094,1434,4136,86,0,0
68.38415,344,1042,1411,4065,85,0,0
68.404144,322,993,1373,4018,85,0,0
68.42415,351,1105,1423,4241,84,0,0
68.444145,354,1091,1443,4146,86,0,0
68.50415,330,1020,1366,4073,83,0,0
68.52415,355,1110,1435,4154,86,0,0
68.54415,351,1087,1433,4044,88,0,0
68.56415,339,1065,1407,3938,89,0,0
68.584145,342,1034,1398,4096,83,0,0
68.60415,378,1149,1488,4309,85,0,0
68.624146,369,1141,1476,4290,85,0,0
68.64415,353,1105,1445,4303,84,0,0
68.66415,333,1062,1412,4133,87,0,0
68.68415,380,1151,1487,4352,83,0,0
68.70415,378,1180,1489,4328,86,0,0
68.72415,368,1138,1468,4321,84,0,0
68.74415,349,1116,1440,4305,85,0,0
68.764145,378,1181,1522,4484,85,0,0
68.82415,345,1071,1440,4257,84,0,0
68.84415,372,1138,1452,4259,84,0,0
68.86415,361,1120,1451,4311,84,0,0
68.88415,353,1093,1438,4251,84,0,0
68.904144,336,1037,1451,4207,85,0,0
68.92415,352,1095,1440,4126,87,0,0
68.944145,362,1127,1457,4246,86,0,0
68.96415,356,1105,1493,4214,88,0,0
68.984146,344,1060,1409,4103,85,0,0
69.00415,324,1010,1393,4019,86,0,0
69.02415,361,1113,1448,4221,85,0,0
69.04415,354,1100,1489,4191,88,0,0
69.06415,337,1040,1404,4090,85,0,0
69.084145,322,1009,1324,4019,83,0,0
69.16415,316,982,1310,3993,82,0,0
69.18415,353,1086,1436,4179,85,0,0
69.20415,351,1086,1432,4232,84,0,0
69.22415,338,1047,1411,4113,85,0,0
69.24415,314,1009,1373,4065,86,0,0
69.264145,349,1102,1422,4148,86,0,0
69.28415,347,1083,1426,4142,86,0,0
69.304146,339,1062,1454,4112,88,0,0
69.32415,323,1019,1370,4197,82,0,0
69.34415,343,1071,1412,4112,86,0,0
69.36415,343,1074,1414,4121,86,0,0
69.38415,336,1011,1410,4150,82,0,0
69.404144,320,985,1373,3992,85,0,0
69.484146,336,1013,1389,4103,82,0,0
69.50415,321,993,1361,3958,85,0,0
69.52415,350,1102,1434,4156,87,0,0
69.54415,345,1092,1414,4136,86,0,0
69.56415,325,976,1360,4028,82,0,0
69.584145,306,939,1350,3922,85,0,0
69.60415,340,1045,1396,4039,85,0,0
69.624146,328,1000,1377,3961,85,0,0
69.64415,311,963,1344,3900,86,0,0
69.66415,298,916,1307,3792,85,0,0
69.68415,328,1032,1375,3976,87,0,0
69.70415,325,993,1365,3942,85,0,0
69.72415,310,973,1337,3872,87,0,0
69.74415,295,935,1306,3781,87,0,0
69.804146,313,968,1339,3853,86,0,0
69.82415,298,956,1309,3786,88,0,0
69.84415,325,1006,1358,3927,86,0,0
69.86415,319,999,1357,3911,87,0,0
69.88415,315,971,1341,3870,86,0,0
69.904144,300,917,1308,3785,85,0,0
69.92415,316,988,1321,3815,87,0,0
69.944145,319,984,1352,3898,86,0,0
69.96415,315,981,1343,3871,86,0,0
69.984146,300,926,1351,3829,87,0,0
70.00415,314,977,1379,3867,88,0,0
70.02415,330,988,1352,3896,84,0,0
70.04415,314,977,1342,3980,84,0,0
70.06415,299,924,1308,3695,88,0,0
70.124146,322,994,1355,3847,87,0,0
70.14415,306,943,1345,3864,86,0,0
70.16415,312,964,1311,3754,86,0,0
70.18415,332,1023,1371,3953,86,0,0
70.20415,327,1013,1360,3920,86,0,0
70.22415,310,978,1329,3830,87,0,0
70.24415,298,926,1300,3748,86,0,0
70.264145,330,1056,1366,3925,88,0,0
70.28415,324,981,1359,3905,85,0,0
70.304146,311,954,1327,3847,85,0,0
70.32415,295,933,1301,3729,88,0,0
70.34415,330,1040,1366,3925,87,0,0
70.36415,316,1012,1360,3905,88,0,0
70.38415,312,986,1333,3826,88,0,0
70.404144,299,924,1305,3759,86,0,0
70.46415,318,996,1341,3921,86,0,0
70.484146,303,940,1309,3805,86,0,0
70.50415,325,1016,1342,3853,87,0,0
70.52415,327,1041,1374,4034,86,0,0
70.54415,321,966,1348,3841,85,0,0
70.56415,306,949,1318,3779,87,0,0
70.584145,322,1024,1332,3786,89,0,0
70.60415,324,1000,1358,3890,86,0,0
70.624146,318,1009,1348,3835,88,0,0
70.64415,301,914,1310,3889,82,0,0
70.66415,310,961,1305,3740,87,0,0
70.68415,327,1015,1370,3836,88,0,0
70.70415,320,995,1358,3932,86,0,0
70.72415,305,939,1323,3794,86,0,0
70.78415,321,1015,1363,3881,88,0,0
70.804146,313,944,1329,3803,85,0,0
70.82415,290,899,1296,3719,86,0,0
70.84415,320,990,1359,3896,86,0,0
70.86415,319,973,1350,3827,86,0,0
70.88415,301,931,1323,3908,84,0,0
70.904144,298,931,1297,3701,87,0,0
70.92415,323,1003,1370,3919,87,0,0
70.944145,316,977,1356,3885,86,0,0
70.96415,299,930,1319,3732,88,0,0
70.984146,308,953,1313,3744,87,0,0
71.00415,324,988,1377,3948,86,0,0
71.02415,318,983,1367,3913,87,0,0
71.04415,303,947,1333,3903,85,0,0
71.10415,325,981,1383,3961,85,0,0
71.124146,317,987,1354,3885,87,0,0
71.14415,337,1037,1407,4028,86,0,0
71.16415,333,1057,1401,4035,88,0,0
71.18415,323,993,1384,4035,85,0,0
71.20415,308,964,1358,3886,87,0,0
71.22415,345,1067,1441,4073,88,0,0
71.24415,345,1060,1424,4071,86,0,0
71.264145,331,1014,1404,4015,86,0,0
71.28415,317,978,1374,3940,86,0,0
71.304146,350,1084,1442,4083,87,0,0
71.32415,349,1078,1438,4115,86,0,0
71.34415,336,1040,1419,4052,87,0,0
71.36415,324,997,1388,3979,86,0,0
71.444145,318,984,1375,3945,86,0,0
71.46415,349,1113,1395,4145,85,0,0
71.484146,349,1078,1388,4103,84,0,0
71.50415,348,1046,1415,4059,85,0,0
71.52415,322,994,1393,3954,87,0,0
71.54415,327,1011,1362,3915,86,0,0
71.56415,345,1070,1430,4204,85,0,0
71.584145,347,1051,1447,4144,85,0,0
71.60415,323,997,1385,3964,86,0,0
71.624146,314,950,1349,3967,83,0,0
71.64415,331,1076,1418,4074,89,0,0
71.66415,334,1024,1401,4034,86,0,0
71.68415,321,993,1368,3833,88,0,0
71.764145,326,983,1376,4009,83,0,0
71.78415,304,938,1341,3871,86,0,0
71.804146,338,1100,1418,4126,88,0,0
71.82415,335,1040,1403,4038,86,0,0
71.84415,321,1015,1381,3979,87,0,0
71.86415,305,942,1349,3882,86,0,0
71.88415,335,1030,1368,3997,85,0,0
71.904144,329,1042,1393,4045,87,0,0
71.92415,315,971,1346,3991,83,0,0
71.944145,299,946,1333,3886,86,0,0
71.96415,332,1049,1396,4036,87,0,0
71.984146,331,1044,1447,3931,92,0,0
72.00415,322,991,1383,3998,85,0,0
72.02415,305,939,1345,3976,84,0,0
72.084145,322,1007,1381,3986,87,0,0
72.10415,305,946,1346,3967,84,0,0
72.124146,329,1045,1385,4041,87,0,0
72.14415,325,1001,1401,4035,86,0,0
72.16415,318,989,1372,3964,86,0,0
72.18415,302,935,1339,3871,86,0,0
72.20415,326,1021,1391,3912,89,0,0
72.22415,333,1036,1405,4043,86,0,0
72.24415,327,1022,1394,4060,86,0,0
72.264145,313,959,1395,3912,88,0,0
72.28415,335,1041,1394,4015,86,0,0
72.304146,335,1017,1408,4050,85,0,0
72.32415,328,1013,1397,4013,86,0,0
72.34415,313,967,1361,3967,85,0,0
72.404144,331,1028,1387,3995,86,0,0
72.42415,311,983,1358,4004,86,0,0
72.444145,341,1071,1439,4064,88,0,0
72.46415,345,1019,1418,4100,83,0,0
72.484146,334,1028,1457,4074,88,0,0
72.50415,318,977,1373,3916,86,0,0
72.52415,338,1055,1392,4018,86,0,0
72.54415,342,1066,1424,4195,85,0,0
72.56415,336,1036,1411,4028,87,0,0
72.584145,320,963,1379,3869,86,0,0
72.60415,328,1013,1367,3937,86,0,0
72.624146,339,1022,1444,4139,85,0,0
72.64415,338,1027,1406,4048,85,0,0
72.66415,316,966,1370,4006,84,0,0
72.72415,341,1050,1421,4085,86,0,0
72.74415,324,1035,1427,4043,89,0,0
72.764145,314,955,1357,4008,83,0,0
72.78415,345,1063,1430,4106,86,0,0
72.804146,341,1053,1442,4191,85,0,0
72.82415,325,1016,1391,4013,87,0,0
72.84415,311,960,1362,3921,86,0,0
72.86415,339,1059,1408,4086,86,0,0
72.88415,335,1035,1404,4042,86,0,0
72.904144,329,1007,1391,4007,85,0,0
72.92415,311,977,1357,3914,87,0,0
72.944145,340,1046,1407,4048,86,0,0
72.96415,337,1041,1410,4234,83,0,0
72.984146,330,996,1400,4023,85,0,0
73.00415,316,962,1364,3999,84,0,0
73.06415,335,1041,1408,4042,87,0,0
73.084145,320,975,1373,3943,85,0,0
73.10415,332,1022,1372,3850,88,0,0
73.124146,342,1065,1421,4205,84,0,0
73.14415,338,1053,1444,4008,89,0,0
73.16415,323,1037,1378,3962,88,0,0
73.18415,332,1021,1370,3941,86,0,0
73.20415,342,1050,1418,4116,85,0,0
73.22415,333,1036,1405,3926,89,0,0
73.24415,320,988,1374,4087,83,0,0
73.264145,321,1011,1350,3884,87,0,0
73.28415,349,1072,1426,4117,85,0,0
73.304146,344,1060,1417,4061,86,0,0
73.32415,329,984,1387,3985,84,0,0
73.38415,347,1070,1420,4077,86,0,0
73.404144,330,1025,1392,4031,86,0,0
73.42415,319,1001,1391,3924,89,0,0
73.444145,345,1040,1407,4053,84,0,0
73.46415,344,1050,1408,4132,84,0,0
73.484146,336,1032,1396,3906,88,0,0
73.50415,326,1011,1381,3930,87,0,0
73.52415,348,1072,1409,4062,86,0,0
73.54415,347,1069,1413,4119,85,0,0
73.56415,338,1044,1401,4025,86,0,0
73.584145,325,1022,1365,3964,86,0,0
73.60415,335,1036,1366,4028,84,0,0
73.624146,347,1070,1418,4068,86,0,0
73.64415,342,1056,1403,4037,86,0,0
73.72415,342,1081,1401,4028,87,0,0
73.74415,328,1012,1377,4051,84,0,0
73.764145,314,969,1348,3885,86,0,0
73.78415,342,1027,1399,4000,85,0,0
73.804146,336,1035,1391,3992,86,0,0
73.82415,322,993,1366,4053,83,0,0
73.84415,304,939,1325,3831,86,0,0
73.86415,337,1036,1384,3982,86,0,0
73.88415,334,1027,1379,3972,86,0,0
73.904144,332,993,1360,3909,84,0,0
73.92415,306,944,1324,3815,86,0,0
73.944145,332,1024,1369,3931,86,0,0
73.96415,331,1017,1375,3860,88,0,0
73.984146,323,1009,1358,3940,86,0,0
74.04415,331,1012,1394,4068,84,0,0
74.06415,317,976,1344,3774,88,0,0
74.084145,302,945,1356,3781,89,0,0
74.10415,338,1038,1381,3972,86,0,0
74.124146,335,1032,1376,3954,86,0,0
74.14415,325,990,1350,3934,84,0,0
74.16415,302,959,1322,3802,88,0,0
74.18415,343,1060,1391,3939,87,0,0
74.20415,339,1060,1385,4067,85,0,0
74.22415,325,1037,1355,3785,90,0,0
74.24415,316,968,1327,3810,86,0,0
74.264145,344,1062,1416,3939,89,0,0
74.28415,340,1069,1382,3958,87,0,0
74.304146,327,1009,1356,3888,86,0,0
74.36415,344,1102,1387,3969,89,0,0
74.38415,328,1015,1312,3889,84,0,0
74.404144,316,977,1351,3803,88,0,0
74.42415,353,1123,1459,3975,92,0,0
74.444145,350,1089,1393,4098,85,0,0
74.46415,335,1049,1365,3872,88,0,0
74.50415,336,1043,1361,3897,87,0,0
74.52415,345,1060,1384,4034,85,0,0
74.54415,339,1062,1371,3844,89,0,0
74.56415,325,1013,1342,3840,87,0,0
74.584145,317,981,1312,3762,86,0,0
74.60415,335,1089,1380,3935,90,0,0
74.624146,338,1055,1365,3911,87,0,0
74.70415,341,1047,1369,3908,86,0,0
74.72415,326,1009,1344,3897,86,0,0
74.74415,312,949,1314,3775,85,0,0
74.764145,333,1030,1308,3836,85,0,0
74.78415,335,1070,1361,3937,88,0,0
74.804146,321,1017,1350,3870,88,0,0
74.82415,314,971,1317,3770,87,0,0
74.84415,323,999,1314,3772,86,0,0
74.86415,331,1024,1356,3891,86,0,0
74.88415,326,1019,1344,3852,87,0,0
74.904144,310,966,1310,3698,88,0,0
74.92415,300,949,1283,3600,89,0,0
74.944145,339,1058,1361,3892,87,0,0
74.96415,331,1027,1357,3882,87,0,0
75.02415,338,1003,1356,3882,84,0,0
75.04415,332,1031,1350,3867,87,0,0
75.06415,318,984,1331,3810,87,0,0
75.084145,304,919,1297,3732,85,0,0
75.10415,332,1002,1350,3858,85,0,0
75.124146,327,1009,1343,3884,86,0,0
75.14415,317,980,1329,3801,87,0,0
75.16415,306,968,1308,3744,88,0,0
75.18415,330,1045,1337,3903,86,0,0
75.20415,341,1078,1383,3945,88,0,0
75.22415,337,1023,1380,3938,86,0,0
75.24415,320,988,1345,3929,85,0,0
75.264145,325,990,1329,3868,84,0,0
75.28415,347,1107,1397,3984,89,0,0
75.34415,311,958,1329,3806,86,0,0
75.36415,356,1067,1423,4034,85,0,0
75.38415,346,1061,1401,3947,87,0,0
75.404144,332,1042,1376,3919,88,0,0
75.42415,319,982,1339,3855,86,0,0
75.444145,354,1120,1413,4042,88,0,0
75.46415,359,1085,1416,4040,85,0,0
75.484146,340,1047,1397,3986,87,0,0
75.50415,324,1014,1360,3802,89,0,0
75.52415,356,1090,1417,3995,87,0,0
75.54415,355,1091,1438,4047,88,0,0
75.56415,344,1060,1401,4076,85,0,0
75.584145,329,1007,1367,3922,86,0,0
75.60415,346,1066,1381,3948,86,0,0
75.68415,350,1057,1375,3826,87,0,0
75.70415,350,1096,1416,4050,87,0,0
75.72415,345,1062,1399,4049,85,0,0
75.74415,327,1008,1365,3919,86,0,0
75.764145,333,1050,1352,3857,88,0,0
75.78415,358,1126,1424,4069,88,0,0
75.804146,353,1084,1430,4043,87,0,0
75.82415,337,1036,1409,3916,89,0,0
75.84415,325,1003,1354,3884,86,0,0
75.86415,371,1105,1441,4208,82,0,0
75.88415,354,1117,1419,4059,88,0,0
75.904144,337,1038,1383,3973,86,0,0
75.92415,322,1004,1352,3891,87,0,0
75.944145,355,1093,1418,4061,86,0,0
76.00415,322,953,1349,3876,83,0,0
76.02415,367,1104,1421,4075,85,0,0
76.04415,356,1116,1418,4061,87,0,0
76.06415,341,1088,1392,3985,88,0,0
76.084145,325,981,1360,3901,85,0,0
76.10415,361,1126,1426,4073,87,0,0
76.124146,358,1102,1418,4067,86,0,0
76.14415,343,1060,1393,4084,85,0,0
76.16415,327,988,1398,3908,87,0,0
76.18415,354,1092,1395,3969,87,0,0
76.20415,354,1103,1405,4076,86,0,0
76.22415,347,1107,1394,4004,88,0,0
76.24415,330,1017,1356,3917,86,0,0
76.264145,347,1074,1373,3969,86,0,0
76.32415,329,1037,1359,3910,87,0,0
76.34415,323,998,1371,3809,89,0,0
76.36415,357,1086,1377,4051,83,0,0
76.38415,351,1097,1359,4023,85,0,0
76.404144,331,1024,1366,3975,85,0,0
76.42415,316,984,1334,3839,87,0,0
76.444145,351,1085,1442,4013,89,0,0
76.46415,348,1098,1395,4048,87,0,0
76.484146,334,1031,1373,3883,87,0,0
76.50415,319,985,1384,3920,87,0,0
76.52415,348,1101,1392,3912,89,0,0
76.54415,339,1080,1408,3933,90,0,0
76.56415,324,1026,1347,3879,87,0,0
76.584145,306,933,1294,3715,85,0,0
76.66415,308,965,1310,3822,86,0,0
76.68415,336,1037,1400,3873,89,0,0
76.70415,330,1045,1309,3870,85,0,0
76.72415,324,998,1329,3802,86,0,0
76.74415,300,951,1300,3718,88,0,0
76.764145,337,1036,1362,3975,85,0,0
76.78415,334,1048,1349,3914,86,0,0
76.804146,320,1003,1367,3959,86,0,0
76.82415,319,990,1299,3748,86,0,0
76.84415,342,1077,1370,4070,85,0,0
76.86415,329,1023,1355,3813,88,0,0
76.88415,316,1004,1321,3785,88,0,0
76.904144,344,1077,1367,3973,86,0,0
76.92415,341,1054,1360,3893,87,0,0
76.984146,355,1070,1373,3922,85,0,0
77.00415,338,1065,1355,3870,88,0,0
77.02415,320,991,1322,3777,87,0,0
77.04415,348,1094,1368,3935,87,0,0
77.06415,341,1056,1355,3832,88,0,0
77.084145,320,1015,1323,3736,89,0,0
77.10415,349,1085,1355,3870,87,0,0
77.124146,352,1098,1361,3889,87,0,0
77.14415,337,1047,1344,3849,87,0,0
77.16415,320,993,1307,3758,86,0,0
77.18415,357,1106,1411,4060,86,0,0
77.20415,354,1098,1367,3903,87,0,0
77.22415,338,1033,1318,3870,84,0,0
77.24415,319,992,1302,3733,87,0,0
77.304146,333,1060,1334,3807,88,0,0
77.32415,319,979,1295,3713,86,0,0
77.34415,354,1099,1330,3930,84,0,0
77.36415,345,1073,1352,3860,87,0,0
77.38415,325,1026,1311,3782,87,0,0
77.404144,312,963,1275,3749,84,0,0
77.42415,352,1093,1383,3888,88,0,0
77.444145,346,1074,1352,3824,88,0,0
77.46415,327,1030,1318,3765,88,0,0
77.484146,307,967,1252,3671,86,0,0
77.50415,345,1072,1350,3953,85,0,0
77.52415,340,1088,1339,3835,88,0,0
77.54415,324,1010,1313,3789,86,0,0
77.56415,306,975,1296,3661,89,0,0
77.64415,306,931,1277,3633,86,0,0
77.66415,338,1062,1336,3896,86,0,0
77.68415,333,1010,1332,3811,85,0,0
77.70415,317,982,1319,3731,88,0,0
77.72415,300,946,1271,3644,88,0,0
77.74415,338,1047,1343,3849,87,0,0
77.764145,333,1010,1337,3999,82,0,0
77.78415,320,992,1316,3761,87,0,0
77.804146,303,939,1277,3665,86,0,0
77.82415,329,1021,1311,3763,87,0,0
77.84415,327,1015,1328,3797,87,0,0
77.86415,321,1000,1322,3777,87,0,0
77.88415,293,944,1285,3683,89,0,0
77.904144,336,1059,1361,3846,89,0,0
77.96415,316,934,1278,3803,80,0,0
77.984146,339,1060,1394,3996,87,0,0
78.00415,338,1072,1353,3910,87,0,0
78.02415,326,1013,1336,3822,87,0,0
78.04415,311,959,1301,3710,87,0,0
78.06415,346,1047,1370,3923,85,0,0
78.084145,347,1077,1370,3929,87,0,0
78.10415,339,1080,1364,3907,88,0,0
78.124146,326,1043,1342,3855,88,0,0
78.14415,357,1107,1396,4006,87,0,0
78.16415,354,1119,1391,3987,88,0,0
78.18415,348,1089,1380,3973,87,0,0
78.20415,338,1054,1370,3956,86,0,0
78.22415,380,1180,1451,4138,87,0,0
